date,precipIntensity,precipIntensityMax,precipProbability,precipAccumulation,precipType,temperatureHigh,temperatureLow,dewPoint,humidity,pressure,windSpeed,windBearing,cloudCover,uvIndex,visibility
2017-10-23 00:00:00,0,0,0,,,82.32,58.46,27.73,0.24,1026,6.93,359,0,5,9.997
2017-10-24 00:00:00,0,0,0,,,79.97,48.35,27.92,0.23,1025.6,8.55,21,0.01,5,9.997
2017-10-25 00:00:00,0,0,0,,,81.77,50.13,20.77,0.2,1017.8,3.73,59,0,5,9.997
2017-10-26 00:00:00,0,0,0,,,80.01,54.62,20.98,0.19,1014.2,6.05,19,0,4,9.997
2017-10-27 00:00:00,0,0,0,,,77.67,54.92,26.98,0.25,1016.2,7.39,16,0,4,9.997
2017-10-28 00:00:00,0,0,0,,,79.29,50.66,27.94,0.24,1014.8,6.9,19,0,4,9.997
2017-10-29 00:00:00,0,0,0,,,79.56,54.06,29.51,0.29,1012.8,3.61,49,0,4,9.997
2017-10-30 00:00:00,0,0,0,,,76.21,52.64,29.44,0.28,1007.9,3.61,64,0,4,9.997
2017-10-31 00:00:00,0,0,0,,,76.12,50.34,31.95,0.31,1009.7,4.81,218,0,4,9.997
2017-11-01 00:00:00,0,0,0,,,72.31,53.45,40.02,0.48,1011.1,4.6,201,0,4,9.997
2017-11-02 00:00:00,0,0,0,,,72.16,56.54,42.65,0.51,1013.3,3.67,186,0.36,4,9.997
2017-11-03 00:00:00,0,0,0,,,69.64,55.1,41.29,0.48,1013.9,5.3,199,0.51,4,9.997
2017-11-04 00:00:00,0,0,0,,,70.47,52.35,38.63,0.41,1011.2,4.97,196,0.29,4,9.997
2017-11-05 00:00:00,0,0,0,,,68.37,52.92,36.03,0.41,1012.2,5.02,198,0.41,4,9.997
2017-11-06 00:00:00,0,0,0,,,66.72,47.44,36,0.44,1014.9,3.56,195,0.14,4,9.997
2017-11-07 00:00:00,0,0,0,,,67.02,38.12,28.14,0.36,1019,7.6,12,0.28,4,9.997
2017-11-08 00:00:00,0,0,0,,,67.75,44.75,18,0.28,1021.1,4.14,25,0,4,9.997
2017-11-09 00:00:00,0,0,0,,,73.35,47.09,23.53,0.27,1016.5,3.11,126,0,4,9.997
2017-11-10 00:00:00,0,0,0,,,72.84,41.8,27.8,0.32,1013.5,2.99,121,0,4,9.997
2017-11-11 00:00:00,0,0,0,,,71.34,45.38,25.48,0.32,1016.4,3.31,37,0,3,9.997
2017-11-12 00:00:00,0,0,0,,,65.22,46.02,20.32,0.26,1019.9,2.78,53,0,3,9.997
2017-11-13 00:00:00,0,0,0,,,71.55,46.51,19.02,0.23,1020.8,2.42,56,0,3,9.997
2017-11-14 00:00:00,0,0,0,,,68.47,44.9,17.87,0.24,1019,2.55,73,0,3,9.997
2017-11-15 00:00:00,0,0,0,,,67.82,49.48,21.73,0.29,1017.4,3.08,81,0,3,9.997
2017-11-16 00:00:00,0,0,0,,,67.26,62.84,27.83,0.3,1014.2,3.85,111,0.1,3,9.997
2017-11-17 00:00:00,0,0,0,,,69.27,38,35.34,0.37,1011.3,9.91,231,0.55,2,9.997
2017-11-18 00:00:00,0,0,0,,,59.48,32.73,14.25,0.27,1026.5,7,32,0,3,9.997
2017-11-19 00:00:00,0,0,0,,,64.55,38.69,10.03,0.25,1023.3,3.1,51,0,3,9.997
2017-11-20 00:00:00,0,0,0,,,63.33,43.65,9.28,0.19,1020.1,2.48,135,0,3,9.997
2017-11-21 00:00:00,0,0,0,,,66.46,46.93,15.32,0.22,1024.6,2.94,76,0,3,9.997
2017-11-22 00:00:00,0,0,0,,,74.91,50.53,32.38,0.37,1025.9,3.13,53,0,3,9.997
2017-11-23 00:00:00,0,0,0,,,69.71,45.4,33.01,0.39,1022.2,2.66,51,0,3,9.997
2017-11-24 00:00:00,0,0,0,,,71.16,46.14,29.65,0.35,1016.4,3.06,60,0,3,9.997
2017-11-25 00:00:00,0,0,0,,,74.26,48.78,24.71,0.27,1021,3.14,42,0,3,9.997
2017-11-26 00:00:00,0,0,0,,,75.64,54.81,24.44,0.25,1019.4,2.97,75,0,3,9.997
2017-11-27 00:00:00,0,0,0,,,72.95,43.7,26.29,0.29,1008.4,7.65,275,0.18,3,9.826
2017-11-28 00:00:00,0,0,0,,,61.79,42.37,24.8,0.37,1018.9,5.55,19,0,3,9.997
2017-11-29 00:00:00,0,0,0,,,66.93,40.87,25.66,0.36,1021.3,4.81,32,0.02,3,9.997
2017-11-30 00:00:00,0,0,0,,,65.63,40.56,23.92,0.36,1021.6,3.56,55,0.01,3,9.997
2017-12-01 00:00:00,0,0,0,,,66.86,45.95,25.24,0.35,1018.5,2.61,125,0,3,9.997
2017-12-02 00:00:00,0,0,0,,,68.05,53.27,28.48,0.36,1017.6,2.91,117,0,3,9.997
2017-12-03 00:00:00,0,0,0,,,68.32,35.08,24.2,0.29,1011.2,6.42,359,0.01,3,9.997
2017-12-04 00:00:00,0,0,0,,,48.65,32.47,8.64,0.26,1021.2,10.78,15,0,3,9.997
2017-12-05 00:00:00,0,0,0,,,50.84,29.29,9.44,0.28,1028.4,9.28,19,0,3,9.997
2017-12-06 00:00:00,0,0,0,,,52.11,33.2,11.33,0.3,1030.6,7.22,10,0,3,9.997
2017-12-07 00:00:00,0,0,0,,,54.69,36.58,8.21,0.25,1033.3,9.59,15,0.01,3,9.997
2017-12-08 00:00:00,0,0,0,,,59.43,32.26,8.9,0.21,1032.9,6.36,353,0.01,2,9.997
2017-12-09 00:00:00,0,0,0,,,59.24,31.98,9.42,0.24,1032.7,4.1,52,0,2,9.997
2017-12-10 00:00:00,0,0,0,,,59.59,31.88,7.09,0.22,1032.9,4.89,57,0,2,9.771
2017-12-11 00:00:00,0,0,0,,,58.18,32.74,3.22,0.18,1031.9,4.08,45,0,2,9.997
2017-12-12 00:00:00,0,0,0,,,60.52,36.07,3.25,0.17,1029.7,3.69,65,0,2,9.997
2017-12-13 00:00:00,0,0,0,,,62.22,41.71,6.77,0.19,1021.2,3.62,61,0,2,9.997
2017-12-14 00:00:00,0,0,0,,,57.33,32.03,18.44,0.3,1023.7,10.74,3,0,2,9.997
2017-12-15 00:00:00,0,0,0,,,57.61,35.33,13.23,0.31,1023.9,3.35,63,0.02,2,9.997
2017-12-16 00:00:00,0,0,0,,,52.81,37.72,10.7,0.27,1010.8,4.09,8,0.11,2,9.997
2017-12-17 00:00:00,0,0,0,,,49.04,31.67,20.77,0.42,1018.4,10.51,355,0.01,2,9.997
2017-12-18 00:00:00,0,0,0,,,53.34,33.01,17.89,0.41,1024.3,3.97,66,0,2,9.997
2017-12-19 00:00:00,0,0,0,,,56.61,34.84,17.68,0.37,1023.5,2.98,83,0,2,9.997
2017-12-20 00:00:00,0,0.0006,0.11,,,61.21,30.7,18.51,0.35,1015.2,4.92,201,0.18,2,9.296
2017-12-21 00:00:00,0,0.0019,0.17,,,41.82,26.41,18.25,0.52,1017.9,7.67,349,0.42,2,9.647
2017-12-22 00:00:00,0,0,0,,,47.15,32.55,11.16,0.37,1027.8,3.54,355,0.01,2,9.997
2017-12-23 00:00:00,0,0,0,,,51.98,36.38,13.59,0.35,1026.6,2.54,236,0.11,2,9.997
2017-12-24 00:00:00,0,0,0,,,54.29,40.27,17.2,0.34,1024.7,2.7,75,0.01,2,9.997
2017-12-25 00:00:00,0,0,0,,,57.14,35.86,19.46,0.34,1020.6,2.4,34,0.07,2,9.997
2017-12-26 00:00:00,0,0,0,,,57.41,31.82,17.88,0.35,1023.2,2.74,36,0,2,9.997
2017-12-27 00:00:00,0,0,0,,,59,35.72,15.43,0.32,1026.4,3.05,37,0,2,9.997
2017-12-28 00:00:00,0,0,0,,,61.1,35.45,10.57,0.25,1026.8,2.82,62,0,2,9.997
2017-12-29 00:00:00,0,0,0,,,62.32,36.96,8.49,0.22,1026.2,2.94,57,0,2,9.997
2017-12-30 00:00:00,0,0,0,,,58.54,38.63,7.86,0.21,1022.4,2.71,53,0,2,9.997
2017-12-31 00:00:00,0,0,0,,,55.83,35.23,11.02,0.24,1021.8,2.89,16,0,2,9.997
2018-01-01 00:00:00,0,0,0,,,58.02,37.25,13.72,0.29,1025.8,2.97,21,0,2,9.997
2018-01-02 00:00:00,0,0,0,,,56.83,31.83,14.98,0.3,1027.8,4.39,66,0,2,9.997
2018-01-03 00:00:00,0,0,0,,,59.74,37.71,10.6,0.26,1025.4,3.7,38,0,3,9.997
2018-01-04 00:00:00,0,0,0,,,61.25,39.52,7.54,0.2,1023.5,3.07,42,0,3,9.997
2018-01-05 00:00:00,0,0,0,,,64.22,46.23,15,0.25,1024.6,2.58,132,0,3,9.997
2018-01-06 00:00:00,0,0,0,,,59.54,41.01,30.17,0.43,1020.1,3.07,65,0.35,3,9.997
2018-01-07 00:00:00,0,0,0,,,61.7,40.22,33.17,0.57,1021.7,3.32,63,0.01,3,9.997
2018-01-08 00:00:00,0.0002,0.0085,0.86,,rain,54.58,45.93,29.75,0.5,1019.8,3.38,60,0.47,2,9.997
2018-01-09 00:00:00,0.0219,0.1075,0.99,,rain,52.28,45.07,43.07,0.81,1012.1,5.21,46,0.96,2,9.525
2018-01-10 00:00:00,0.0004,0.0054,0.12,,rain,50.39,37.83,41.97,0.82,1011.7,6.89,201,0.82,2,9.116
2018-01-11 00:00:00,0,0,0,,,56.96,37.28,34.56,0.65,1024.4,2.8,51,0.02,3,9.997
2018-01-12 00:00:00,0,0,0,,,57.11,37.39,33.16,0.6,1026.4,3.71,34,0,3,9.997
2018-01-13 00:00:00,0,0,0,,,59.77,37.03,29.58,0.5,1029,4.31,67,0,3,9.997
2018-01-14 00:00:00,0,0,0,,,61.69,42.87,31.77,0.53,1026.6,3.68,61,0,3,9.997
2018-01-15 00:00:00,0,0,0,,,60.54,40.27,32.05,0.5,1022.7,4.34,35,0,3,9.997
2018-01-16 00:00:00,0,0,0,,,61.32,39.74,30.68,0.49,1024.3,3.35,46,0.11,3,9.997
2018-01-17 00:00:00,0,0,0,,,61.36,41.21,30.16,0.49,1026.4,3.35,52,0,3,9.997
2018-01-18 00:00:00,0,0,0,,,63.48,46.8,30.96,0.49,1022.7,3,58,0,3,9.997
2018-01-19 00:00:00,0,0,0,,,66.49,39.92,29.35,0.38,1012.8,4.54,154,0,3,9.997
2018-01-20 00:00:00,0.0039,0.0522,0.69,,rain,48.37,32.95,31.34,0.65,1009.3,7.06,354,0.78,2,9.715
2018-01-21 00:00:00,0,0,0,,,45.95,27.38,17.9,0.44,1023.4,7.73,1,0.11,3,9.997
2018-01-22 00:00:00,0,0,0,,,47.39,29.94,15.62,0.44,1027.8,4.29,24,0,3,9.997
2018-01-23 00:00:00,0,0,0,,,53.69,32.2,21.19,0.48,1027.8,3.65,49,0,3,9.997
2018-01-24 00:00:00,0,0,0,,,61.37,43.04,19.52,0.39,1025.8,2.8,115,0,3,9.997
2018-01-25 00:00:00,0,0,0,,,61.5,31.4,15.6,0.26,1013.7,7.66,219,0.14,3,9.997
2018-01-26 00:00:00,0,0,0,,,52.68,29.74,17.34,0.38,1023.1,4.73,37,0.06,3,9.997
2018-01-27 00:00:00,0,0,0,,,54.62,34.55,13.72,0.34,1028.8,2.98,51,0,3,9.997
2018-01-28 00:00:00,0,0,0,,,63.04,39.39,21.53,0.36,1031.4,4.7,43,0,3,9.997
2018-01-29 00:00:00,0,0,0,,,65.65,42.01,25.89,0.39,1029.7,3.99,51,0,2,9.997
2018-01-30 00:00:00,0,0,0,,,66.81,38.95,23.86,0.34,1022.4,2.99,105,0,3,9.997
2018-01-31 00:00:00,0,0,0,,,64.6,43.39,23.31,0.34,1017.8,2.92,80,0,4,9.997
2018-02-01 00:00:00,0,0,0,,,65.55,41.24,24.26,0.34,1020.2,3.11,44,0,4,9.997
2018-02-02 00:00:00,0,0,0,,,68.69,42.41,28.49,0.39,1022.4,3.6,77,0,3,9.997
2018-02-03 00:00:00,0,0,0,,,68.36,43.88,30.99,0.43,1020.7,3.93,24,0,4,9.997
2018-02-04 00:00:00,0,0,0,,,69.28,43.15,28.64,0.38,1019.7,3.91,43,0,4,9.997
2018-02-05 00:00:00,0,0,0,,,68.46,45.95,27.01,0.36,1015,4.01,144,0,4,9.997
2018-02-06 00:00:00,0,0,0,,,62.2,39.02,22.65,0.32,1017.8,7.94,22,0.12,4,9.997
2018-02-07 00:00:00,0,0,0,,,63.53,41.5,17.57,0.28,1027.2,4.24,63,0,4,9.997
2018-02-08 00:00:00,0,0,0,,,69.2,43.16,22.8,0.31,1024.2,3.52,55,0,4,9.997
2018-02-09 00:00:00,0,0,0,,,68.46,42.67,25.07,0.33,1015.9,3.53,119,0,4,9.997
2018-02-10 00:00:00,0,0,0,,,60.77,30.8,22.63,0.35,1010.7,8.38,9,0.14,4,9.997
2018-02-11 00:00:00,0,0,0,,,58.36,43.62,7.55,0.24,1017.5,5.32,43,0,4,9.997
2018-02-12 00:00:00,0.0048,0.035,0.93,,rain,52.84,37.47,22.02,0.47,1007.8,4.84,142,0.6,3,9.241
2018-02-13 00:00:00,0.0046,0.041,0.88,,rain,54.05,45.33,37.44,0.75,1022.2,2.8,67,0.9,3,9.797
2018-02-14 00:00:00,0.0004,0.0075,0.73,,rain,56.9,44.27,41.31,0.74,1019.7,3.95,181,0.95,3,9.997
2018-02-15 00:00:00,0.0013,0.0168,0.6,,rain,56.68,32.95,31.88,0.57,1020.2,6.56,25,0.47,5,9.997
2018-02-16 00:00:00,0,0,0,,,54.06,34.58,16.96,0.37,1025,4.09,33,0,5,9.997
2018-02-17 00:00:00,0,0,0,,,60.92,38.14,24.06,0.43,1022.3,3.06,78,0,4,9.997
2018-02-18 00:00:00,0,0,0,,,63.12,36.84,25.6,0.38,1008.5,5.7,190,0.04,4,9.997
2018-02-19 00:00:00,0.0001,0.0008,0.14,0.01,snow,43.27,26.21,21.51,0.47,1001.6,11.78,214,0.6,4,9.997
2018-02-20 00:00:00,0,0,0,,,42.6,27.23,9.88,0.39,1018.7,5.62,324,0.22,5,9.997
2018-02-21 00:00:00,0,0,0,,,44.12,25.76,9.39,0.34,1020.7,4.56,17,0.27,5,9.997
2018-02-22 00:00:00,0,0.0006,0.08,,,46.76,29.66,16.36,0.47,1017.8,4.82,187,0.37,4,8.983
2018-02-23 00:00:00,0.0004,0.0058,0.58,0.07,snow,42.65,23.34,26.99,0.74,1018.8,4.22,211,0.45,4,9.489
2018-02-24 00:00:00,0,0,0,,,42.59,30.54,13.27,0.44,1023.8,4.66,141,0.18,5,9.997
2018-02-25 00:00:00,0,0,0,,,49.67,31.37,13.31,0.37,1023.2,4.51,12,0.07,5,9.997
2018-02-26 00:00:00,0,0,0,,,57.96,36.66,13.5,0.32,1014,3.75,178,0,5,9.997
2018-02-27 00:00:00,0,0,0,,,57.87,34.72,14.7,0.29,1010.9,5.4,216,0.14,5,9.997
2018-02-28 00:00:00,0,0,0,,,55.53,38.25,25.73,0.5,1017,5.46,189,0.01,6,9.997
2018-03-01 00:00:00,0,0,0,,,57.12,42.79,23.99,0.44,1018.7,4.46,99,0.13,5,9.997
2018-03-02 00:00:00,0,0,0,,,65.71,45.76,19.38,0.28,1013.2,7.8,181,0,6,9.997
2018-03-03 00:00:00,0,0,0,,,62.79,38.78,24.52,0.32,1010.3,7.38,184,0.25,6,9.997
2018-03-04 00:00:00,0,0,0,,,51.25,29.98,22.59,0.45,1017.9,8.19,231,0.49,5,9.974
2018-03-05 00:00:00,0,0,0,,,56.25,28.96,11.16,0.3,1025.7,6.99,20,0,6,9.997
2018-03-06 00:00:00,0,0,0,,,64.03,34.35,3.95,0.18,1025,6.4,23,0,6,9.997
2018-03-07 00:00:00,0,0,0,,,58.01,38.57,12.75,0.25,1021.5,4.05,31,0.09,6,9.997
2018-03-08 00:00:00,0,0,0,,,67.8,40.48,15.19,0.25,1017.9,3.38,206,0,6,9.997
2018-03-09 00:00:00,0,0,0,,,70.48,44.69,18.38,0.26,1013.8,3.74,185,0,6,9.997
2018-03-10 00:00:00,0,0,0,,,64.36,48.64,26.27,0.35,1013.6,4.16,215,0.21,6,9.997
2018-03-11 00:00:00,0.0046,0.0157,0.98,,rain,63.68,44.01,43.95,0.69,1017.9,3.62,32,0.8,4,9.997
2018-03-12 00:00:00,0,0,0,,,69.86,47.83,39.65,0.56,1019.8,4.05,25,0.09,6,9.997
2018-03-13 00:00:00,0,0,0,,,73.69,57.38,39.91,0.48,1014.9,4.82,207,0.33,5,9.997
2018-03-14 00:00:00,0.0004,0.0058,0.28,,rain,71.66,47.5,39.81,0.45,1007.8,8.54,196,0.67,5,9.997
2018-03-15 00:00:00,0.0011,0.0074,0.77,,rain,51.42,33.29,33.05,0.6,1008.6,6.49,198,0.68,4,9.856
2018-03-16 00:00:00,0,0.0004,0.03,,,59.53,43.64,31.59,0.58,1011.8,4.5,112,0.1,6,9.997
2018-03-17 00:00:00,0,0,0,,,54.49,37.76,26.22,0.41,1009.8,7.2,195,0.59,5,9.997
2018-03-18 00:00:00,0,0.0005,0.03,,,53.87,37.5,26.28,0.52,1015.4,5.65,30,0.54,5,8.414
2018-03-19 00:00:00,0,0,0,,,59.53,37.14,19.57,0.35,1020.9,4.62,57,0.02,7,9.997
2018-03-20 00:00:00,0,0,0,,,65.47,49.97,20.77,0.33,1017.8,3.89,45,0,7,9.997
2018-03-21 00:00:00,0,0,0,,,69.78,56.75,28.57,0.32,1014.7,4.28,193,0.57,7,9.997
2018-03-22 00:00:00,0.0046,0.0554,0.78,,rain,62.56,50.49,43.5,0.57,1014.9,5.39,109,0.76,5,9.87
2018-03-23 00:00:00,0.0076,0.1153,0.96,,rain,67.12,48.48,40.74,0.57,1013.7,4.67,185,0.48,7,9.997
2018-03-24 00:00:00,0,0,0,,,68.08,43.7,28,0.37,1009.7,8.4,186,0.01,8,9.997
2018-03-25 00:00:00,0,0,0,,,60.87,38.05,24.3,0.34,1008.9,6.28,215,0.01,8,9.997
2018-03-26 00:00:00,0,0,0,,,56.51,40.41,20.79,0.36,1014.6,12.33,5,0.08,8,9.952
2018-03-27 00:00:00,0,0,0,,,60.61,45.46,14.51,0.24,1018.7,11.32,356,0,8,9.997
2018-03-28 00:00:00,0,0,0,,,73.39,45.82,22.72,0.26,1016.7,5.51,319,0,8,9.997
2018-03-29 00:00:00,0,0,0,,,71.88,47.86,22.8,0.25,1016.9,5.92,349,0,8,9.997
2018-03-30 00:00:00,0,0,0,,,75.68,52.04,23.26,0.24,1018.2,5.31,158,0,8,9.997
2018-03-31 00:00:00,0,0,0,,,79.35,54.8,24.68,0.23,1014.8,4.32,218,0,8,9.997
2018-04-01 00:00:00,0,0,0,,,80.46,52.74,25.8,0.22,1008.4,5.76,218,0,8,9.997
2018-04-02 00:00:00,0,0,0,,,77.18,43.5,22.36,0.2,1004,7.11,225,0,8,9.997
2018-04-03 00:00:00,0,0,0,,,69.96,43.93,9.93,0.17,1014,10.15,355,0.12,9,9.997
2018-04-04 00:00:00,0,0,0,,,75.07,51.58,14.04,0.18,1016.3,3.79,208,0,9,9.997
2018-04-05 00:00:00,0,0,0,,,78.91,59.9,25.58,0.23,1013.2,5.06,221,0.02,9,9.997
2018-04-06 00:00:00,0,0,0,,,81.52,58.87,31.76,0.25,1006.7,7.23,264,0.31,9,9.997
2018-04-07 00:00:00,0.0042,0.0652,0.76,,rain,83.33,52.31,47.18,0.48,1005.8,6.03,262,0.32,9,9.997
2018-04-08 00:00:00,0,0,0,,,75.64,53.68,26.61,0.29,1009.8,6.55,229,0.08,9,9.997
2018-04-09 00:00:00,0,0,0,,,76.21,50.47,22.33,0.22,1018.4,8.13,28,0,9,9.997
2018-04-10 00:00:00,0,0,0,,,83.58,61.82,22.11,0.2,1018.4,3.95,71,0.02,9,9.997
2018-04-11 00:00:00,0,0,0,,,86.57,63.56,20.83,0.14,1007.5,7.47,187,0.02,9,9.997
2018-04-12 00:00:00,0,0,0,,,67.8,41.09,13.98,0.14,1003.1,13.97,234,0.14,9,9.997
2018-04-13 00:00:00,0,0,0,,,62.06,43.75,7.91,0.17,1021.7,10.56,357,0,9,9.997
2018-04-14 00:00:00,0,0,0,,,72.63,49.15,15.47,0.19,1023.3,6.23,191,0,9,9.997
2018-04-15 00:00:00,0,0,0,,,74.53,61.19,18.24,0.2,1014.5,3.61,103,0.03,9,9.997
2018-04-16 00:00:00,0,0,0,,,79.35,45.14,11.16,0.11,1004.4,11.73,191,0.04,9,9.997
2018-04-17 00:00:00,0,0,0,,,62.6,42.15,16.26,0.24,1014.8,10.18,339,0.16,10,9.997
2018-04-18 00:00:00,0,0,0,,,73.47,56.01,9.29,0.16,1016.4,6.02,59,0,10,9.997
2018-04-19 00:00:00,0,0,0,,,67.92,43.46,13.63,0.17,1006.5,8.72,193,0.19,9,9.997
2018-04-20 00:00:00,0.0011,0.0131,0.84,,rain,64.67,45.12,36.29,0.56,1013.4,5.32,8,0.55,5,9.971
2018-04-21 00:00:00,0,0,0,,,80.25,53.15,30.39,0.36,1018.3,5.61,359,0,10,9.997
2018-04-22 00:00:00,0,0,0,,,85.55,55.11,24.74,0.21,1013,4.32,355,0,10,9.997
2018-04-23 00:00:00,0,0,0,,,86.18,58.25,24.25,0.19,1011.7,5.35,233,0,10,9.997
2018-04-24 00:00:00,0,0,0,,,83.79,57.3,26.92,0.2,1013.6,8.35,12,0,10,9.997
2018-04-25 00:00:00,0,0,0,,,86.85,58.31,22.32,0.16,1015.2,5.55,331,0,10,9.997
2018-04-26 00:00:00,0,0,0,,,90.36,62.26,24.97,0.17,1011.4,5.19,59,0,10,9.997
2018-04-27 00:00:00,0,0,0,,,91.31,61.36,22.75,0.14,1007.7,5.2,203,0.03,10,9.997
2018-04-28 00:00:00,0,0,0,,,86.97,56.34,16.48,0.13,1004.2,7.72,204,0.02,10,9.997
2018-04-29 00:00:00,0,0,0,,,79.03,52.07,13.85,0.12,1003.5,6.16,210,0,10,9.997
2018-04-30 00:00:00,0,0,0,,,69.57,54.37,23.75,0.25,1006.7,6.88,231,0.04,10,9.997
2018-05-01 00:00:00,0.0012,0.0137,0.83,,rain,65.16,46.01,35.6,0.48,1006.3,6.21,48,0.71,9,9.892
2018-05-02 00:00:00,0.0009,0.006,0.6,,rain,58.43,43.86,41.07,0.68,1012.1,4.16,192,0.59,7,9.762
2018-05-03 00:00:00,0,0.0002,0.03,,,75.41,52,40.21,0.56,1018.6,4.06,232,0.02,10,9.997
2018-05-04 00:00:00,0,0,0,,,83.38,56.34,30.62,0.28,1020.8,4.57,34,0,10,9.997
2018-05-05 00:00:00,0,0,0,,,89.13,62.17,27.85,0.21,1016.9,4.22,322,0,10,9.997
2018-05-06 00:00:00,0,0,0,,,91.51,66.07,25.63,0.17,1013.4,4.48,187,0,10,9.997
2018-05-07 00:00:00,0,0,0,,,91.42,60.73,23.73,0.14,1012.7,4.15,265,0,10,9.997
2018-05-08 00:00:00,0,0,0,,,96.67,67.08,23.18,0.14,1012.1,4.61,203,0,11,9.997
2018-05-09 00:00:00,0,0,0,,,95.69,66.96,23.86,0.13,1008.6,4.96,217,0,11,9.997
2018-05-10 00:00:00,0,0,0,,,91.72,63.74,24.18,0.13,1003.1,7.09,215,0,11,9.997
2018-05-11 00:00:00,0,0,0,,,87.28,53.87,27.03,0.18,997.9,9.3,213,0,11,9.997
2018-05-12 00:00:00,0,0,0,,,73.93,52.34,28.72,0.32,1006.3,7.39,253,0.22,10,9.997
2018-05-13 00:00:00,0,0,0,,,77.94,56.24,24.65,0.21,1009.1,5.21,228,0.36,10,9.997
2018-05-14 00:00:00,0,0,0,,,81.56,55.16,27.75,0.22,1009.7,5.48,266,0.06,10,9.997
2018-05-15 00:00:00,0,0,0,,,84.48,56.94,28.01,0.24,1011.2,5.38,241,0,11,9.997
2018-05-16 00:00:00,0,0,0,,,88.33,58.7,18.63,0.14,1009.5,6.46,200,0,11,9.997
2018-05-17 00:00:00,0,0,0,,,84.43,56.7,15.9,0.12,1006,6.42,231,0,11,9.997
2018-05-18 00:00:00,0,0,0,,,84.98,61.9,24.62,0.17,1005.9,6.33,220,0,11,9.997
2018-05-19 00:00:00,0,0,0,,,88.24,59.22,33.26,0.22,1006.5,6.22,358,0.06,10,9.997
2018-05-20 00:00:00,0,0,0,,,86.89,58.89,32.38,0.23,1006.1,5.88,246,0.01,11,9.997
2018-05-21 00:00:00,0,0,0,,,80.54,64.25,26.55,0.2,1005.4,5.35,173,0.01,11,9.997
2018-05-22 00:00:00,0,0.0003,0.02,,,78.6,57.94,35.54,0.28,1007.2,6.11,139,0.41,11,9.997
2018-05-23 00:00:00,0,0,0,,,86.64,58.07,33.57,0.26,1009.4,5.03,219,0.12,11,9.997
2018-05-24 00:00:00,0,0,0,,,92.85,58.44,25.55,0.18,1012.2,5.02,213,0,11,9.997
2018-05-25 00:00:00,0,0,0,,,91.49,58.14,23.44,0.15,1009.6,6.81,199,0,11,9.997
2018-05-26 00:00:00,0,0,0,,,82.76,54.88,20.16,0.14,1006.2,6.85,211,0.02,11,9.997
2018-05-27 00:00:00,0,0,0,,,82.89,59.11,28.48,0.22,1008.2,5.19,229,0.02,11,9.997
2018-05-28 00:00:00,0,0,0,,,82.66,61.06,37.88,0.3,1010,5.98,20,0.06,10,9.997
2018-05-29 00:00:00,0,0,0,,,90.88,63.25,36.89,0.25,1008.2,5.88,0,0,11,9.997
2018-05-30 00:00:00,0,0,0,,,93.77,64.44,32.53,0.2,1003.3,6.32,212,0.01,11,9.997
2018-05-31 00:00:00,0,0,0,,,91.22,61.79,27.14,0.16,1003.1,9.04,195,0,11,9.997
2018-06-01 00:00:00,0,0,0,,,90.67,69.02,23.03,0.14,1009.8,5.25,200,0,11,9.997
2018-06-02 00:00:00,0,0,0,,,97.45,67.28,24.39,0.13,1012.2,10.03,8,0,11,9.997
2018-06-03 00:00:00,0,0,0,,,99.35,65.89,20.87,0.1,1009.5,6.86,243,0,11,9.997
2018-06-04 00:00:00,0,0,0,,,101.63,67.57,18.2,0.09,1007.5,5.06,230,0,11,9.997
2018-06-05 00:00:00,0,0,0,,,96.9,64.88,21.58,0.1,1006,5.74,217,0,11,9.997
2018-06-06 00:00:00,0,0,0,,,96.82,64.43,25.84,0.14,1005.5,5.72,211,0,11,9.997
2018-06-07 00:00:00,0,0,0,,,95.53,64.1,24.94,0.13,1007,5.77,218,0,11,9.997
2018-06-08 00:00:00,0,0,0,,,97.61,65.66,20.32,0.11,1009.9,4.62,236,0,11,9.997
2018-06-09 00:00:00,0,0,0,,,98.83,68.65,19.08,0.1,1006.4,7.82,198,0,11,9.997
2018-06-10 00:00:00,0,0,0,,,93.46,65.4,21.58,0.11,1004.8,6.46,208,0,11,9.997
2018-06-11 00:00:00,0,0,0,,,98.34,66.94,19.95,0.11,1007.3,5.92,356,0,11,9.997
2018-06-12 00:00:00,0.0002,0.0015,0.01,,rain,102.81,67.48,18.06,0.1,1008.1,5.68,353,0.01,11,9.972
2018-06-13 00:00:00,0.0004,0.0013,0.02,,rain,103.2,69.07,-5.23,0.04,1007.8,6.23,239,0.07,11,10
2018-06-14 00:00:00,0.0002,0.0016,0.01,,rain,102.91,68.83,3.09,0.05,1006.1,8.78,213,0.01,11,10
2018-06-15 00:00:00,0.0004,0.0013,0.06,,rain,97.38,70.05,20.29,0.1,1004.8,11.09,206,0.17,10,10
2018-06-16 00:00:00,0.0006,0.0018,0.1,,rain,90.29,68.65,47.44,0.33,1003.3,8.95,215,0.27,10,10
2018-06-17 00:00:00,0.0006,0.0013,0.06,,rain,91.42,60.34,36.86,0.31,1005.7,11.95,193,0.07,12,10
2018-06-18 00:00:00,0.0004,0.0013,0.02,,rain,91.92,61.25,14.04,0.13,1010.8,6.11,230,0,11,10
2018-06-19 00:00:00,0.0004,0.0013,0.02,,rain,97.4,65.87,11.2,0.09,1011.3,6.32,269,0,12,10
2018-06-20 00:00:00,0.0004,0.0015,0.01,,rain,103.33,68.99,15.63,0.1,1011.5,6,311,0,12,10
2018-06-21 00:00:00,0.0004,0.0014,0.02,,rain,107.38,73.17,-0.35,0.06,1009.3,6.81,236,0,12,10
2018-06-22 00:00:00,0.0003,0.0012,0.01,,rain,103.87,68.97,4.94,0.05,1008.1,7.41,356,0.03,11,10
2018-06-23 00:00:00,0.0003,0.0013,0.01,,rain,105.43,70.4,-3.52,0.04,1005,8.87,235,0.14,10,10
2018-06-24 00:00:00,0.0004,0.0018,0.01,,rain,100.73,69.72,14.98,0.09,1008.3,7.45,325,0,11,10
2018-06-25 00:00:00,0.0005,0.0014,0.01,,rain,104.53,69.65,11.23,0.07,1010.1,7.01,253,0,11,10
2018-06-26 00:00:00,0.0008,0.0123,0.02,,rain,106.06,68.8,9.08,0.07,1009.9,6.47,246,0,11,10
2018-06-27 00:00:00,0.0005,0.0016,0.02,,rain,105.11,67.78,-5.7,0.05,1009.3,6.4,221,0.01,11,10
2018-06-28 00:00:00,0.0003,0.0012,0.01,,rain,102.74,65.05,-14.41,0.02,1006.6,10.02,208,0.12,10,10
2018-06-29 00:00:00,0.0004,0.0015,0.01,,rain,98.5,65.03,-4.11,0.04,1007.7,6.76,225,0.11,9,10
2018-06-30 00:00:00,0.0003,0.0015,0.01,,rain,98.87,67.9,10.82,0.08,1010.2,6.34,275,0.01,11,10
2018-07-01 00:00:00,0.0004,0.0013,0.01,,rain,102.95,68.7,13.13,0.09,1012.1,7.1,286,0,11,10
2018-07-02 00:00:00,0.0005,0.0014,0.01,,rain,104.18,66.29,9.72,0.07,1009.7,7.01,244,0,11,10
2018-07-03 00:00:00,0.0004,0.0016,0.01,,rain,102.01,67.19,-1.24,0.05,1008.7,8.05,210,0,11,10
2018-07-04 00:00:00,0.0003,0.0014,0.01,,rain,101.14,69.12,7.57,0.08,1013.5,6.19,194,0,11,10
2018-07-05 00:00:00,0.0005,0.0014,0.01,,rain,105.57,74.1,12.14,0.07,1016.3,6.46,211,0.01,11,10
2018-07-06 00:00:00,0.0006,0.0026,0.05,,rain,106.89,80.77,27.31,0.11,1016.3,6.26,107,0.12,11,10
2018-07-07 00:00:00,0.0024,0.0074,0.15,,rain,102.96,77.91,44.82,0.22,1014,6.31,152,0.39,10,10
2018-07-08 00:00:00,0.0006,0.0034,0.08,,rain,103.78,81.04,45.35,0.23,1012.2,6.13,220,0.27,10,10
2018-07-09 00:00:00,0.002,0.0133,0.21,,rain,101.38,71.01,48.49,0.25,1013.4,5.6,51,0.49,9,10
2018-07-10 00:00:00,0.0016,0.0082,0.15,,rain,98.78,73.66,58.15,0.46,1014.7,6.41,218,0.1,11,10
2018-07-11 00:00:00,0.0025,0.0288,0.22,,rain,98.21,73.15,55.85,0.4,1011.9,5.23,232,0.24,10,10
2018-07-12 00:00:00,0.009,0.0408,0.46,,rain,92.26,69.2,63.72,0.58,1014.1,5.03,248,0.6,8,10
2018-07-13 00:00:00,0.0022,0.0087,0.22,,rain,91.98,74.22,63.5,0.6,1015.7,4.74,230,0.44,9,10
2018-07-14 00:00:00,0.0057,0.0557,0.33,,rain,95.93,73.04,63.5,0.54,1013.8,4.25,204,0.45,9,10
2018-07-15 00:00:00,0.0032,0.0139,0.17,,rain,96.24,74.91,58.85,0.45,1013.1,4.85,192,0.44,9,10
2018-07-16 00:00:00,0.0027,0.0135,0.19,,rain,102.13,75.44,56.46,0.39,1012.2,4.82,214,0.39,9,10
2018-07-17 00:00:00,0.0019,0.0108,0.13,,rain,103.86,75.79,56.9,0.38,1012.9,6.17,99,0.41,10,10
2018-07-18 00:00:00,0.0011,0.0056,0.1,,rain,102.67,78.81,55.01,0.35,1013.5,6.41,246,0.64,9,10
2018-07-19 00:00:00,0.0019,0.0147,0.21,,rain,100.91,72.83,56.72,0.37,1012.8,6.75,259,0.55,9,10
2018-07-20 00:00:00,0.0007,0.0031,0.07,,rain,99.48,76.7,55.68,0.42,1012.7,5.2,234,0.6,8,10
2018-07-21 00:00:00,0.0005,0.0013,0.09,,rain,98.36,72.35,56.47,0.38,1013.7,5.96,238,0.63,6,10
2018-07-22 00:00:00,0.0004,0.0015,0.04,,rain,98.53,76.07,54.36,0.39,1015.6,4.89,243,0.13,10,10
2018-07-23 00:00:00,0.001,0.0101,0.07,,rain,105.78,77.1,46.21,0.27,1013.8,5.29,294,0.01,11,10
2018-07-24 00:00:00,0.0012,0.0117,0.15,,rain,105.82,76.33,43.21,0.21,1013.6,6.35,124,0.15,10,10
2018-07-25 00:00:00,0.0007,0.0041,0.07,,rain,105.45,76.43,41.18,0.22,1014.3,5.87,281,0.23,10,10
2018-07-26 00:00:00,0.0009,0.0028,0.07,,rain,107.28,75.89,35.98,0.17,1012.4,6.21,6,0.16,10,10
2018-07-27 00:00:00,0.0007,0.002,0.07,,rain,107.6,80.26,34.4,0.18,1011.1,5.71,234,0.11,11,10
2018-07-28 00:00:00,0.0005,0.0012,0.04,,rain,106.82,78.07,32.53,0.14,1011.2,7.17,228,0.08,10,10
2018-07-29 00:00:00,0.0007,0.0074,0.04,,rain,104.44,76.19,47.73,0.26,1013.6,6.95,240,0.17,10,10
2018-07-30 00:00:00,0.0007,0.0013,0.06,,rain,103.26,75.17,45.93,0.25,1013,5.46,324,0.24,10,10
2018-07-31 00:00:00,0.0003,0.0013,0.04,,rain,105.18,77.83,41.19,0.22,1012.4,5.59,249,0.29,10,10
2018-08-01 00:00:00,0.001,0.0132,0.09,,rain,105.42,79.26,42.7,0.21,1011.8,6.21,242,0.1,10,10
2018-08-02 00:00:00,0.0054,0.0527,0.32,,rain,102.59,71.34,49.02,0.28,1011.5,7.33,219,0.26,10,10
2018-08-03 00:00:00,0.001,0.004,0.24,,rain,100.11,75.97,56.36,0.42,1012.3,5.31,238,0.12,10,10
2018-08-04 00:00:00,0.0005,0.0023,0.05,,rain,103.17,74.35,48.15,0.29,1009,6.16,210,0.03,11,10
2018-08-05 00:00:00,0.0004,0.0014,0.01,,rain,104.26,69.77,21.55,0.14,1008.6,6.5,215,0,11,10
2018-08-06 00:00:00,0.0004,0.0013,0.01,,rain,105.07,70.01,4.54,0.06,1011.1,5.5,175,0,10,10
2018-08-07 00:00:00,0,0,0,,,106.66,71.49,3.79,0.05,1010.2,5.76,242,0,10,10
2018-08-08 00:00:00,0.0006,0.0019,0.01,,rain,104.08,73.36,27.51,0.12,1010.9,6.34,254,0.01,10,10
2018-08-09 00:00:00,0.0006,0.0019,0.04,,rain,104.85,73.5,41.84,0.21,1011.4,6.67,263,0.01,11,10
2018-08-10 00:00:00,0.0005,0.0016,0.04,,rain,102.92,77.57,45.71,0.27,1012.3,6.43,244,0.11,11,10
2018-08-11 00:00:00,0.0025,0.0184,0.18,,rain,100.39,68.53,52.38,0.33,1012.4,5.89,222,0.17,10,10
2018-08-12 00:00:00,0.0009,0.0046,0.04,,rain,97.62,71.4,46.74,0.34,1012.5,6.63,242,0.1,10,10
2018-08-13 00:00:00,0.0003,0.0011,0.02,,rain,101.56,74.67,40.41,0.23,1010.9,6.22,249,0.02,10,10
2018-08-14 00:00:00,0.001,0.0109,0.09,,rain,100.59,73.66,38.6,0.2,1009.3,6.46,235,0.05,10,10
2018-08-15 00:00:00,0.0006,0.0035,0.12,,rain,100.34,70.87,46.1,0.28,1011.6,6.1,234,0.04,10,10
2018-08-16 00:00:00,0.0006,0.0018,0.15,,rain,95.72,74.05,54.81,0.42,1015,5.3,262,0.08,9,10
2018-08-17 00:00:00,0.0008,0.0019,0.14,,rain,99.42,74.41,52.43,0.35,1016,5.55,242,0.12,10,10
2018-08-18 00:00:00,0.0005,0.0019,0.05,,rain,101.23,74.14,48.43,0.3,1014.4,5.99,282,0.05,10,10
2018-08-19 00:00:00,0.0002,0.001,0.01,,rain,104.64,75.91,29.53,0.16,1011.8,5.5,9,0.01,10,10
2018-08-20 00:00:00,0.0007,0.0028,0.03,,rain,103.38,78.32,35.81,0.17,1010.1,8.34,203,0.15,10,10
2018-08-21 00:00:00,0.0047,0.0097,0.34,,rain,96.91,68.68,53.87,0.35,1011.7,9.02,180,0.24,9,10
2018-08-22 00:00:00,0.0327,0.2273,0.67,,rain,87.06,69.7,62.53,0.64,1016,7.59,102,0.31,9,9.959
2018-08-23 00:00:00,0.0024,0.0042,0.22,,rain,93.04,69.65,59.53,0.53,1014.6,5.61,132,0.09,10,10
2018-08-24 00:00:00,0.0005,0.0013,0.07,,rain,96.24,70.78,51.22,0.4,1011.2,5.84,173,0.02,9,10
2018-08-25 00:00:00,0.0004,0.0018,0.04,,rain,96.01,71.69,48.64,0.35,1011.7,5.96,195,0.13,8,10
2018-08-26 00:00:00,0.0008,0.0033,0.06,,rain,95.29,69.69,49.5,0.35,1011.5,6.96,199,0.03,9,10
2018-08-27 00:00:00,0.0004,0.0015,0.01,,rain,96.72,65.04,23.42,0.17,1008.7,6.83,203,0.02,9,10
2018-08-28 00:00:00,0.0004,0.0013,0.01,,rain,95.17,63.11,16.46,0.11,1011.3,5.98,67,0.02,9,10
2018-08-29 00:00:00,0.0004,0.0012,0.02,,rain,96.04,66.27,23.85,0.16,1013,4.81,128,0.3,8,10
2018-08-30 00:00:00,0.0003,0.0012,0.02,,rain,97.25,67.83,26.85,0.17,1012.5,6.05,186,0.19,9,10
2018-08-31 00:00:00,0.0004,0.0014,0.03,,rain,97.23,65.75,32.69,0.22,1009.8,6.09,192,0.13,8,10
2018-09-01 00:00:00,0.0004,0.0013,0.04,,rain,97.93,66.09,14.35,0.14,1008,5.47,144,0,9,10
2018-09-02 00:00:00,0.0005,0.0015,0.06,,rain,96.79,66.61,22.45,0.14,1009.7,5.2,170,0.06,8,10
2018-09-03 00:00:00,0.0013,0.0047,0.16,,rain,94.86,68.85,40.55,0.28,1011.5,5.77,235,0.17,9,10
2018-09-04 00:00:00,0.0007,0.0024,0.13,,rain,90.58,68.09,45.94,0.36,1012.6,4.43,251,0.47,8,10
2018-09-05 00:00:00,0.0011,0.0031,0.14,,rain,92.29,65.3,45.55,0.34,1015.3,4.93,92,0.13,9,10
2018-09-06 00:00:00,0.0012,0.0119,0.09,,rain,95.45,67.68,42.79,0.32,1016.8,4.94,114,0.02,9,10
2018-09-07 00:00:00,0.0003,0.0016,0.06,,rain,98.21,69.67,39.62,0.26,1015.4,4.96,190,0.05,9,10
2018-09-08 00:00:00,0.0004,0.0017,0.04,,rain,100.67,69.68,32.61,0.2,1011.7,5.41,199,0.01,10,10
2018-09-09 00:00:00,0.0005,0.0019,0.03,,rain,100.58,67.88,22.43,0.14,1009.2,5.46,190,0.01,9,10
2018-09-10 00:00:00,0.0003,0.0014,0.01,,rain,98.88,66.25,22.52,0.14,1009.2,5.23,180,0.01,9,10
2018-09-11 00:00:00,0,0,0,,,97.52,64.58,17.87,0.13,1008.2,5.4,159,0,9,10
2018-09-12 00:00:00,0.0006,0.0019,0.02,,rain,95.49,63.09,7.3,0.08,1007.1,8.83,188,0,9,10
2018-09-13 00:00:00,0.0007,0.002,0.03,,rain,93.48,61,4.81,0.08,1010.4,7.25,189,0,9,10
2018-09-14 00:00:00,0.0002,0.0016,0.02,,rain,96.43,65.63,5.09,0.07,1011.3,5.66,127,0,9,10
2018-09-15 00:00:00,0.0005,0.0019,0.06,,rain,96.21,68.83,22.56,0.13,1009.7,9.25,190,0,9,10
2018-09-16 00:00:00,0.0005,0.0016,0.07,,rain,95.75,67.89,35.83,0.21,1010.7,7.48,195,0.01,9,10
2018-09-17 00:00:00,0.0003,0.0014,0.02,,rain,96.68,66.35,39.06,0.27,1010.5,6.05,181,0,9,10
2018-09-18 00:00:00,0.0005,0.0016,0.01,,rain,96.86,61.47,24.97,0.19,1008.7,6.8,186,0,9,10
2018-09-19 00:00:00,0.0005,0.0014,0.01,,rain,94.25,57.62,14.95,0.12,1006.7,6.54,196,0,8,10
2018-09-20 00:00:00,0.0006,0.0017,0.02,,rain,92.24,57.51,8.95,0.1,1010.9,5.43,347,0,8,10
2018-09-21 00:00:00,0.0004,0.0014,0.01,,rain,93.97,62.84,10.59,0.11,1015.6,5.6,60,0,8,10
2018-09-22 00:00:00,0.0004,0.0018,0.02,,rain,93.96,64.18,27.52,0.18,1014.9,5.33,92,0,8,10
2018-09-23 00:00:00,0.0004,0.0017,0.05,,rain,91.29,64.04,36.31,0.25,1010.7,6.42,187,0.02,8,10
2018-09-24 00:00:00,0.0004,0.0013,0.05,,rain,92.57,64.4,32.53,0.22,1009.3,6.13,226,0.06,8,10
2018-09-25 00:00:00,0.0003,0.0016,0.01,,rain,92.08,58.98,25.77,0.17,1013.1,6.96,2,0.07,7,10
2018-09-26 00:00:00,0,0,0,,,92.89,56.53,5.34,0.1,1016.7,6.44,354,0,7,10
2018-09-27 00:00:00,0.0004,0.0015,0.01,,rain,95.38,59.32,-5.37,0.06,1013.9,5.88,36,0,7,10
2018-09-28 00:00:00,0.0005,0.0024,0.01,,rain,94.72,64.74,1.82,0.07,1011.4,5.13,148,0.14,7,10
2018-09-29 00:00:00,0.0005,0.0023,0.01,,rain,93.62,67.42,28.36,0.19,1010,8.26,185,0.34,6,10
2018-09-30 00:00:00,0.0009,0.0036,0.07,,rain,88.82,65.52,40.43,0.28,1010.7,8.93,192,0.06,7,10
2018-10-01 00:00:00,0.0022,0.0078,0.19,,rain,87.12,66.66,54.49,0.51,1012.2,4.59,130,0.32,7,10
2018-10-02 00:00:00,0.0074,0.0517,0.67,,rain,79.36,65.71,61.14,0.69,1011,4.51,124,0.57,5,10
2018-10-03 00:00:00,0.0105,0.0215,0.52,,rain,80.12,58.2,59.82,0.69,1011.8,4.45,161,0.38,6,9.896
2018-10-04 00:00:00,0.0091,0.05,0.74,,rain,74.58,57.54,53.34,0.68,1013,4.94,155,0.4,6,9.914
2018-10-05 00:00:00,0.0012,0.0067,0.12,,rain,76.25,56.44,47.46,0.56,1012.8,4.87,352,0.16,6,10
2018-10-06 00:00:00,0.0088,0.0395,0.8,,rain,64.94,49.91,47.66,0.67,1008.8,4.85,63,0.59,4,9.933
2018-10-07 00:00:00,0.001,0.0062,0.43,,rain,62.94,51.96,43.15,0.65,1006.3,8.98,351,0.63,5,10
2018-10-08 00:00:00,0.0004,0.0018,0.13,,rain,66.61,43.98,39.37,0.52,1008.9,8.98,356,0.31,5,10
2018-10-09 00:00:00,0.0005,0.0016,0.09,,rain,71.23,54.03,32.36,0.45,1009,6.39,165,0.03,6,10
2018-10-10 00:00:00,0.0004,0.0021,0.06,,rain,74.39,55.39,33.15,0.34,1009.2,5.18,244,0.25,5,10
2018-10-11 00:00:00,0.0063,0.0217,0.65,,rain,69.95,50.27,46.54,0.61,1011.6,4.8,79,0.3,5,9.923
2018-10-12 00:00:00,0.0006,0.0016,0.05,,rain,75.89,50.2,42.49,0.54,1014.6,7.21,49,0.01,6,10
2018-10-13 00:00:00,0.0004,0.0018,0.06,,rain,78.22,45.93,40.87,0.51,1009.9,5.69,338,0.01,6,10
2018-10-14 00:00:00,0.0005,0.0013,0.03,,rain,63.72,38.8,16.59,0.27,1015.9,14.23,5,0.02,6,10
2018-10-15 00:00:00,0.0004,0.0012,0.05,,rain,65.35,39.57,11.4,0.25,1025.1,9.65,30,0,5,10
2018-10-16 00:00:00,0.0001,0.001,0.04,,rain,69.27,50.07,13.72,0.23,1022.2,7.03,34,0.29,4,10
2018-10-17 00:00:00,0.0004,0.0017,0.1,,rain,66.87,43.66,34.28,0.44,1022.7,7.13,80,0.39,5,10
2018-10-18 00:00:00,0.0005,0.0015,0.06,,rain,72.31,45.14,33.1,0.47,1022.4,4.63,54,0.01,5,10
2018-10-19 00:00:00,0.0004,0.0015,0.01,,rain,78.74,52.79,29.61,0.37,1022.9,7.58,68,0,5,10
2018-10-20 00:00:00,0.0005,0.0022,0.02,,rain,78.65,59.76,34.68,0.33,1020.2,11.31,78,0.03,6,10
2018-10-21 00:00:00,0.0062,0.0336,0.35,,rain,75.52,55.49,47.91,0.56,1016.9,7.56,74,0.37,5,10
2018-10-22 00:00:00,0.0121,0.0709,0.61,,rain,72.33,50.92,50.22,0.68,1015.1,5.45,64,0.4,5,10
2018-10-23 00:00:00,0.0003,0.0021,0.06,,rain,75.73,51.04,45.73,0.6,1015.3,4.17,56,0.12,5,10
2018-10-24 00:00:00,0.0004,0.0016,0.05,,rain,76.06,51.15,41.39,0.54,1015.8,4.43,62,0.11,4,10
2018-10-25 00:00:00,0.0003,0.0013,0.02,,rain,77.82,47.5,35.62,0.42,1017.5,6.01,0,0.08,5,10
2018-10-26 00:00:00,0.0005,0.0016,0.01,,rain,79.16,48.14,29.11,0.35,1019.5,5.41,22,0.03,5,10
2018-10-27 00:00:00,0.0006,0.0021,0.01,,rain,77.99,47.36,31.52,0.37,1017.9,4.52,92,0.16,5,10
2018-10-28 00:00:00,0.0004,0.0016,0.01,,rain,82.22,51.19,26.97,0.31,1017.4,4.4,93,0.09,5,10
2018-10-29 00:00:00,0.0007,0.0022,0.01,,rain,77.18,53.49,24.3,0.26,1013.9,5.23,30,0.23,5,10
2018-10-30 00:00:00,0.0004,0.0017,0.02,,rain,67.06,43.63,26.44,0.33,1013.8,13.48,3,0.19,4,10
2018-10-31 00:00:00,0.0007,0.0015,0.03,,rain,65.04,40.47,15.8,0.27,1020.7,8.77,358,0.04,4,10
2018-11-01 00:00:00,0.0005,0.0018,0.05,,rain,69.12,43.56,24.25,0.33,1020.4,6.57,5,0.23,4,10
2018-11-02 00:00:00,0.0005,0.0019,0.03,,rain,75.04,47.51,36.02,0.5,1018.7,5.31,308,0.1,5,10
2018-11-03 00:00:00,0.0005,0.0018,0.04,,rain,69.88,42.19,24.53,0.34,1018,7.67,12,0.29,4,10
2018-11-04 00:00:00,0.0007,0.0023,0.04,,rain,70.69,43.6,22.29,0.31,1015,5.34,15,0.31,4,10
2018-11-05 00:00:00,0.0003,0.0015,0.01,,rain,71.8,41.62,23.21,0.33,1011.6,5.36,320,0.05,4,10
2018-11-06 00:00:00,0.0004,0.0016,0.01,,rain,69.59,39.84,12.47,0.24,1014.8,5.79,9,0.02,5,10
2018-11-07 00:00:00,0.0005,0.002,0.01,,rain,68.14,38.38,6.97,0.19,1015.6,6.15,47,0.01,4,10
2018-11-08 00:00:00,0.0003,0.0012,0.01,,rain,59.67,33.66,9.57,0.25,1022.8,12.62,10,0,4,10
2018-11-09 00:00:00,0.0003,0.0012,0.01,,rain,63.48,32.13,4.94,0.22,1025.7,6.65,40,0,4,10
2018-11-10 00:00:00,0.0005,0.0016,0.01,,rain,61.87,36.05,-2.14,0.16,1017,5.04,88,0,4,10
2018-11-11 00:00:00,0.0006,0.0016,0.03,,rain,53.23,29.69,9.69,0.27,1023,11.68,2,0,3,10
2018-11-12 00:00:00,0.0005,0.0015,0.05,,rain,53.94,28.87,4.69,0.24,1032.7,6.99,30,0,3,10
2018-11-13 00:00:00,0.0003,0.0016,0.03,0,snow,58.45,33.94,3.89,0.23,1034.9,5.46,54,0.03,4,10
2018-11-14 00:00:00,0.0006,0.0017,0.02,,rain,65.57,34.64,11.84,0.27,1029.1,4.71,74,0.24,3,10
2018-11-15 00:00:00,0.0006,0.0014,0.01,,rain,68.18,36.75,16.94,0.32,1022.4,5.08,62,0.02,4,10
2018-11-16 00:00:00,0.0007,0.002,0.01,,rain,65.42,34.2,15.21,0.29,1018,4.66,85,0.18,3,10
2018-11-17 00:00:00,0.0004,0.0015,0.02,,rain,63.96,35.72,16.63,0.32,1017.3,4.39,76,0.01,3,10
2018-11-18 00:00:00,0.0004,0.002,0.03,,rain,59.6,31.49,20.86,0.41,1022.5,6.51,25,0,3,10
2018-11-19 00:00:00,0.0005,0.0017,0.01,,rain,62.97,33.83,8.68,0.26,1022.4,5.31,76,0.03,3,10
2018-11-20 00:00:00,0.0005,0.0018,0.01,,rain,63.03,33.54,2.77,0.19,1020.8,6.07,81,0.36,3,10
2018-11-21 00:00:00,0.0006,0.0019,0.01,,rain,65.55,46.34,8.39,0.23,1021,5.15,91,0.1,3,10
2018-11-22 00:00:00,0.0022,0.0061,0.35,,rain,58.02,37.72,31.01,0.49,1018.4,5.36,134,0.54,3,10
2018-11-23 00:00:00,0.0006,0.0016,0.09,,rain,57.63,35.64,33.89,0.65,1018.2,3.85,192,0.14,3,10
2018-11-24 00:00:00,0.0005,0.0016,0.09,,rain,63.22,33.62,31.04,0.58,1013.9,7.17,342,0.11,3,10
2018-11-25 00:00:00,0.0007,0.0031,0.04,,rain,55.24,30.06,12.63,0.3,1023.1,7.48,48,0.22,3,10
2018-11-26 00:00:00,0.0005,0.0018,0.02,,rain,59.52,31.58,12.28,0.33,1025.3,5.4,59,0.05,3,10
2018-11-27 00:00:00,0.0007,0.003,0.01,,rain,61.61,35.55,2.78,0.21,1019.9,4.06,89,0.23,3,10
2018-11-28 00:00:00,0.0008,0.0025,0.13,,rain,60.08,46.87,20.48,0.36,1012.2,4.35,85,0.41,3,10
2018-11-29 00:00:00,0.0173,0.076,0.84,,rain,58.86,42.28,37.49,0.63,1006.8,6.23,123,0.75,2,8.894
2018-11-30 00:00:00,0.0065,0.0182,0.74,,rain,51.73,33.9,40.7,0.82,1009.4,5.3,251,0.59,2,9.791
2018-12-01 00:00:00,0.0029,0.0205,0.41,,rain,51.51,33.49,32.4,0.68,1012.8,3.74,92,0.35,2,9.51
2018-12-02 00:00:00,0.0029,0.0394,0.59,,rain,47.17,26.75,28.46,0.66,1016.1,4.95,328,0.25,2,9.58
2018-12-03 00:00:00,0.0003,0.0016,0.06,0.04,snow,45.31,28.65,20.78,0.56,1026.9,4.45,36,0.15,3,10
2018-12-04 00:00:00,0.0004,0.0014,0.05,0.03,snow,46.39,31.45,19.34,0.51,1027.2,7.85,61,0.23,2,10
2018-12-05 00:00:00,0.0004,0.0015,0.04,,rain,51.16,38.84,22.19,0.5,1019.4,6.72,75,0.72,2,10
2018-12-06 00:00:00,0.0008,0.002,0.23,,rain,50.8,42.53,34,0.68,1018.9,4.88,74,0.74,2,10
2018-12-07 00:00:00,0.0006,0.0021,0.33,,rain,55.94,34.23,38.64,0.72,1021.5,5.79,61,0.47,2,10
2018-12-08 00:00:00,0.0006,0.002,0.12,,rain,56.89,32.22,35.34,0.73,1026.6,4.23,63,0.05,3,10
2018-12-09 00:00:00,0.0007,0.0021,0.07,,rain,55.31,35.22,30.24,0.65,1028.9,5.64,55,0.04,3,10
2018-12-10 00:00:00,0.0005,0.0017,0.03,,rain,56.69,38.74,27.93,0.53,1023.5,6.07,82,0.58,2,10
2018-12-11 00:00:00,0.0005,0.0017,0.03,,rain,59.04,33.07,29.82,0.53,1020.3,5.99,39,0.31,2,10
2018-12-12 00:00:00,0.0004,0.0015,0.03,,rain,57.11,28.99,23.65,0.51,1020.2,7.56,350,0.13,2,10
2018-12-13 00:00:00,0.0006,0.0017,0.03,,rain,54.2,30.32,13.98,0.36,1029.6,5.43,31,0.17,2,10
2018-12-14 00:00:00,0.0006,0.0023,0.01,,rain,53.72,34.8,14.61,0.37,1026.4,5.78,84,0.56,2,10
2018-12-15 00:00:00,0.0003,0.002,0.01,,rain,61.55,34.74,17.83,0.33,1022.8,4.85,85,0.24,2,10
2018-12-16 00:00:00,0.0008,0.0022,0.04,,rain,63.23,39,21.62,0.39,1023.4,6.16,86,0,3,10
2018-12-17 00:00:00,0.0006,0.002,0.08,,rain,56.3,31.5,24.88,0.44,1021.7,4.32,74,0.29,2,10
2018-12-18 00:00:00,0.0004,0.0017,0.09,,rain,56.54,32.67,27.35,0.55,1022.1,4.54,335,0.05,3,10
2018-12-19 00:00:00,0.0007,0.002,0.07,,rain,60.41,32.48,28.62,0.57,1023.6,5.17,19,0.02,3,10
2018-12-20 00:00:00,0.0007,0.0022,0.04,,rain,61.8,39.86,24.05,0.46,1022.4,4.54,81,0.16,3,10
2018-12-21 00:00:00,0.0004,0.0017,0.03,,rain,60.24,32.87,25.4,0.44,1016.1,3.52,77,0.61,2,10
2018-12-22 00:00:00,0.0005,0.0016,0.06,,rain,57.67,36.62,22.63,0.46,1021.1,5.72,24,0.15,2,10
2018-12-23 00:00:00,0.0003,0.0015,0.02,,rain,59.44,32.34,17.05,0.33,1022.4,4.18,74,0.48,2,10
2018-12-24 00:00:00,0.0006,0.002,0.04,,rain,56.92,41.26,23.85,0.45,1017.3,3.54,95,0.35,2,10
2018-12-25 00:00:00,0.0081,0.0305,0.75,,rain,48.78,35.35,35.12,0.71,1009.1,5.1,87,0.57,2,9.733
2018-12-26 00:00:00,0.0007,0.002,0.11,,rain,50.03,30.22,27.91,0.64,1014.7,9.23,350,0.29,2,9.872
2018-12-27 00:00:00,0.001,0.0028,0.1,0.07,snow,43.44,32.53,19.1,0.51,1014.6,9.82,5,0.52,2,10
2018-12-28 00:00:00,0.0006,0.0018,0.06,0.06,snow,41.49,21.52,16.25,0.47,1021.3,13.11,5,0.31,2,10
2018-12-29 00:00:00,0.0004,0.0018,0.03,0.07,snow,43.38,23.61,13.31,0.49,1029.3,7.29,8,0.16,2,10
2018-12-30 00:00:00,0.0005,0.0018,0.04,0.05,snow,48.77,31.27,21.69,0.59,1016.9,4.81,94,0.14,2,10
2018-12-31 00:00:00,0.0012,0.0051,0.14,,rain,41.91,21.49,18.01,0.51,1015.4,13.89,3,0.38,2,10
2019-01-01 00:00:00,0.0005,0.0016,0.08,0.11,snow,37.55,15.12,6.02,0.39,1025.7,13.1,7,0.06,2,10
2019-01-02 00:00:00,0.0007,0.0017,0.05,0.17,snow,40.51,18.59,2.51,0.38,1028.4,7.93,11,0.04,2,10
2019-01-03 00:00:00,0.0005,0.0015,0.02,0.09,snow,47.84,24.96,13.22,0.5,1025.8,5.33,61,0.01,3,10
2019-01-04 00:00:00,0.0002,0.0011,0.01,0.01,snow,55.07,31.23,17.61,0.48,1020.7,5.87,91,0.02,3,10
2019-01-05 00:00:00,0.0051,0.0414,0.65,,rain,50.33,37.1,21.89,0.51,1017.9,5.96,96,0.69,2,9.596
2019-01-06 00:00:00,0.0178,0.0588,0.94,,rain,46.02,38.37,37.16,0.88,1016.7,4.81,170,0.83,2,7.109
2019-01-07 00:00:00,0.0039,0.0109,0.67,,rain,46.77,33.43,37.64,0.85,1023.7,4.1,130,0.77,2,9.914
2019-01-08 00:00:00,0.0006,0.0018,0.12,,rain,54.34,37.69,35.52,0.75,1025.2,7.82,77,0.29,3,10
2019-01-09 00:00:00,0.0005,0.002,0.08,,rain,58.02,34.85,34.18,0.65,1022.9,7.28,85,0.37,3,10
2019-01-10 00:00:00,0.0007,0.0018,0.11,,rain,59.52,33.49,33.73,0.66,1020.7,4.67,66,0.19,3,10
2019-01-11 00:00:00,0.0004,0.0019,0.07,,rain,54.79,32.12,30.22,0.64,1021.6,6.54,26,0.05,3,10
2019-01-12 00:00:00,0.0006,0.0017,0.1,,rain,53.2,32.5,26.24,0.57,1021.8,8.13,60,0.18,3,10
2019-01-13 00:00:00,0.0007,0.0019,0.11,,rain,50.97,35.5,27.4,0.6,1023.9,9.36,51,0.09,2,10
2019-01-14 00:00:00,0.0006,0.0021,0.22,,rain,52.07,40.77,31.06,0.62,1023.9,11.72,67,0.4,3,10
2019-01-15 00:00:00,0.0295,0.0721,0.97,,rain,46.16,40.74,39.47,0.87,1019.8,6.59,83,0.98,2,6.647
2019-01-16 00:00:00,0.0048,0.0189,0.77,,rain,53.47,42.68,41.54,0.87,1022.4,3.52,122,0.86,3,9.386
2019-01-17 00:00:00,0.0197,0.0891,0.95,,rain,51.96,42.55,43.06,0.87,1019.3,6.11,127,0.92,2,8.111
2019-01-18 00:00:00,0.0043,0.0193,0.55,,rain,55.18,33.3,33.88,0.63,1023.2,7.64,348,0.26,3,9.552
2019-01-19 00:00:00,0.0006,0.0016,0.07,,rain,56.05,33.51,31.04,0.65,1028.3,4.01,76,0.18,3,10
2019-01-20 00:00:00,0.0005,0.0018,0.08,,rain,58.1,44.1,33.14,0.65,1018.9,4.98,86,0.62,3,10
2019-01-21 00:00:00,0.0114,0.0442,0.66,,rain,47.3,33.31,33.89,0.71,1010.4,11.3,238,0.71,2,8.596
2019-01-22 00:00:00,0.0002,0.0012,0.08,,rain,45.67,24.73,20.02,0.51,1027.2,14.03,1,0.06,3,10
2019-01-23 00:00:00,0.0005,0.0018,0.05,0.06,snow,50.88,29.06,19.17,0.53,1028.2,5.37,16,0.02,4,10
2019-01-24 00:00:00,0.0007,0.0021,0.07,,rain,53.66,28.16,26.38,0.6,1026.7,6.25,16,0,3,10
2019-01-25 00:00:00,0.0005,0.0021,0.05,,rain,54.51,29.76,23.05,0.53,1025.9,6.8,18,0.05,3,10
2019-01-26 00:00:00,0.0008,0.0022,0.04,,rain,55.77,32.95,24.03,0.52,1027.9,9,3,0.03,4,10
2019-01-27 00:00:00,0.0004,0.002,0.1,,rain,61.1,33.08,29.58,0.58,1023.2,5.77,33,0.29,4,10
2019-01-28 00:00:00,0.0006,0.0019,0.1,,rain,61.85,37.14,27.15,0.54,1019.9,7.84,16,0.22,4,10
2019-01-29 00:00:00,0.0006,0.0018,0.1,,rain,58.07,32.58,26.6,0.47,1017.4,6.65,43,0.4,4,10
2019-01-30 00:00:00,0.0004,0.0017,0.05,,rain,60.36,32.65,21.56,0.43,1017.2,5.26,63,0,4,10
2019-01-31 00:00:00,0.0006,0.002,0.06,,rain,62.65,37.47,23.9,0.44,1016.8,4.46,75,0.08,4,10
2019-02-01 00:00:00,0.0006,0.0019,0.1,,rain,65.45,45.73,31.82,0.53,1016.3,4.77,84,0.11,4,10
2019-02-02 00:00:00,0.0179,0.0739,0.83,,rain,56.14,44.25,41.9,0.73,1011.7,6.72,105,0.69,3,9.247
2019-02-03 00:00:00,0.0126,0.0967,0.83,,rain,54.04,43.02,40.12,0.72,1009,8.27,210,0.5,3,9.432
2019-02-04 00:00:00,0.0067,0.0269,0.56,,rain,55.02,41.42,37.49,0.68,1008.1,8.39,180,0.69,3,9.765
2019-02-05 00:00:00,0.0328,0.0757,0.93,,rain,43.24,31.01,37.16,0.83,1007.1,10.77,218,0.78,3,5.405
2019-02-06 00:00:00,0.0016,0.0045,0.19,,rain,42.62,21.12,21.82,0.58,1015.7,7.77,279,0.39,3,10
2019-02-07 00:00:00,0.0004,0.0014,0.05,0.07,snow,41.63,25.63,16.1,0.54,1028.8,4.28,59,0.07,4,10
2019-02-08 00:00:00,0.0006,0.0016,0.04,0.09,snow,49.69,30.51,18.85,0.52,1023.4,5.91,79,0.1,4,10
2019-02-09 00:00:00,0.0003,0.0017,0.09,0.01,snow,48.82,33.09,23.43,0.55,1016.2,6.04,104,0.29,3,10
2019-02-10 00:00:00,0.0048,0.0282,0.3,,rain,52.83,23.35,27.45,0.59,1012.3,11.24,182,0.4,4,9.479
2019-02-11 00:00:00,0.0008,0.0043,0.1,0.13,snow,44.78,23.56,20.36,0.6,1022.2,6.5,316,0.12,4,10
2019-02-12 00:00:00,0.0006,0.0016,0.03,0.05,snow,52.23,34.35,18.92,0.52,1025.3,5.45,85,0.2,4,10
2019-02-13 00:00:00,0.0007,0.0026,0.06,,rain,51.78,41.58,24.91,0.51,1015.7,5.56,91,0.83,3,10
2019-02-14 00:00:00,0.0449,0.1438,0.95,,rain,46.49,39.14,39.4,0.84,1010.2,5.91,101,0.93,4,6.687
2019-02-15 00:00:00,0.0015,0.0052,0.26,,rain,55.83,34.19,36.23,0.7,1012.6,7.16,199,0.44,4,9.99
2019-02-16 00:00:00,0.0051,0.0261,0.53,,rain,47.34,32.79,29.73,0.67,1015.2,7.03,272,0.43,4,9.219
2019-02-17 00:00:00,0.002,0.0097,0.47,,rain,44.63,31.18,28.91,0.73,1015.2,4.74,175,0.54,3,9.583
2019-02-18 00:00:00,0.0032,0.0166,0.48,0.42,snow,41.1,26.22,25.93,0.69,1016.2,7.39,5,0.66,3,8.443
2019-02-19 00:00:00,0.0006,0.0018,0.15,0.11,snow,38.97,23.79,18.18,0.57,1020.2,8.03,346,0.14,4,10
2019-02-20 00:00:00,0.0035,0.0103,0.32,0.5,snow,38.59,30.9,20.66,0.68,1014.1,4.59,101,0.57,3,9.288
2019-02-21 00:00:00,0.0109,0.0275,0.6,1.28,snow,39.67,21.76,29.35,0.85,1005.4,5.44,60,0.86,2,6.289
2019-02-22 00:00:00,0.0007,0.002,0.27,0.16,snow,40.4,16.81,20.75,0.69,1015.7,9.45,356,0.13,3,10
2019-02-23 00:00:00,0.0006,0.0018,0.15,0.12,snow,43.17,23.06,16.56,0.63,1027.5,5.04,76,0.02,6,10
2019-02-24 00:00:00,0.0006,0.0017,0.12,0.08,snow,47.85,28.44,21.94,0.64,1025.5,4.58,94,0.18,5,10
2019-02-25 00:00:00,0.0006,0.002,0.11,0.06,snow,53.59,32.64,26.75,0.63,1020,5.15,95,0.26,5,10
2019-02-26 00:00:00,0.0007,0.0032,0.09,,rain,60.95,40.69,30.37,0.59,1019.6,5.88,95,0.33,6,10
2019-02-27 00:00:00,0.0004,0.002,0.08,,rain,64.24,43.93,32.02,0.52,1018.1,5.46,103,0.15,6,10
2019-02-28 00:00:00,0.0005,0.0015,0.14,,rain,65.9,44.81,38.27,0.57,1015.8,5.22,131,0.47,6,10
2019-03-01 00:00:00,0.0005,0.0017,0.11,,rain,65.66,47.59,37.21,0.55,1014.5,4.87,118,0.6,6,10
2019-03-02 00:00:00,0.0252,0.0899,0.93,,rain,55.36,45.82,44.44,0.78,1012,4.89,135,0.82,4,8.395
2019-03-03 00:00:00,0.0072,0.0234,0.71,,rain,60.91,42.86,45.5,0.79,1013.7,4.25,221,0.56,5,9.998
2019-03-04 00:00:00,0.0013,0.0042,0.25,,rain,61.94,40.84,40.19,0.68,1016.5,4.88,355,0.3,5,10
2019-03-05 00:00:00,0.0009,0.0021,0.11,,rain,65.13,49.42,37.23,0.59,1017,5.78,83,0.54,5,10
2019-03-06 00:00:00,0.0303,0.1162,0.94,,rain,54.08,46.38,45.76,0.83,1012.7,7.54,174,0.86,4,8.822
2019-03-07 00:00:00,0.0035,0.0388,0.33,,rain,60.04,45.16,41.49,0.7,1012.8,5.03,211,0.54,5,10
2019-03-08 00:00:00,0.0081,0.0366,0.61,,rain,52.77,36.78,36.75,0.69,1009.1,9,226,0.47,4,9.644
2019-03-09 00:00:00,0.0008,0.0021,0.12,,rain,55.2,39.41,30.65,0.61,1014.5,4.13,227,0.22,5,10
2019-03-10 00:00:00,0.0007,0.0037,0.09,,rain,56.84,40.72,30.23,0.53,1013.3,4.18,63,0.59,4,10
2019-03-11 00:00:00,0.0009,0.0048,0.14,,rain,62.31,47.62,34.75,0.57,1015.5,7.83,45,0.46,5,10
2019-03-12 00:00:00,0.0017,0.0103,0.4,,rain,60.43,41.68,41.89,0.68,1005.9,7.72,331,0.59,5,10
2019-03-13 00:00:00,0.0105,0.0749,0.81,,rain,47.32,35.75,30.49,0.61,1010,13.32,326,0.53,5,8.721
2019-03-14 00:00:00,0.0006,0.0016,0.08,,rain,54.06,36.44,24.02,0.48,1025.3,10.67,3,0.06,6,10
2019-03-15 00:00:00,0.0006,0.0021,0.05,,rain,61.99,39.02,23.69,0.43,1026.5,9.09,46,0.21,5,10
2019-03-16 00:00:00,0.0006,0.0019,0.07,,rain,68.58,39.73,24.4,0.37,1023.3,9.8,55,0.01,6,10
2019-03-17 00:00:00,0.0004,0.0017,0.05,,rain,70.57,41,22.74,0.34,1021.6,6.01,54,0,7,10
2019-03-18 00:00:00,0.0004,0.0018,0.04,,rain,72.58,43.22,22.14,0.33,1018.5,5.3,55,0.04,7,10
2019-03-19 00:00:00,0.0007,0.0019,0.09,,rain,72.27,53.92,24.94,0.33,1017.6,5.7,57,0.25,7,10
2019-03-20 00:00:00,0.0079,0.0368,0.26,,rain,70.07,46.27,28.4,0.34,1015.9,12.35,90,0.6,5,9.878
2019-03-21 00:00:00,0.0155,0.0376,0.8,,rain,52.97,41.97,41.51,0.76,1015.7,5.77,147,0.66,4,9.372
2019-03-22 00:00:00,0.0056,0.0341,0.68,,rain,55.93,42.07,40.23,0.78,1018.7,4.05,152,0.54,5,9.416
2019-03-23 00:00:00,0.0005,0.0014,0.11,,rain,65.54,46.08,38.53,0.63,1018,3.94,130,0.41,6,10
2019-03-24 00:00:00,0.0003,0.0012,0.05,,rain,66.89,41,34.17,0.49,1020,5.23,225,0.07,7,10
2019-03-25 00:00:00,0.0006,0.0017,0.02,,rain,74.68,46.22,21.51,0.34,1021.7,5.7,79,0.11,7,10
2019-03-26 00:00:00,0.0007,0.0017,0.01,,rain,74.23,46.03,23.6,0.3,1015.8,5.28,84,0.49,6,10
2019-03-27 00:00:00,0.0004,0.0015,0.02,,rain,73.78,47.44,19.95,0.26,1014,5.19,146,0.36,6,10
2019-03-28 00:00:00,0.0003,0.0013,0.02,,rain,70.37,46.23,21.38,0.27,1016.1,5.84,207,0.23,6,10
2019-03-29 00:00:00,0.0004,0.0015,0.05,,rain,66.19,41.72,24.07,0.35,1019.3,6.86,335,0.19,7,10
2019-03-30 00:00:00,0.0006,0.0015,0.04,,rain,65.84,43.96,21.27,0.33,1022.6,6.32,22,0.06,7,10
2019-03-31 00:00:00,0.0005,0.0017,0.03,,rain,67.83,41.91,25.76,0.38,1021.9,6.42,14,0.01,7,10
2019-04-01 00:00:00,0.0006,0.0017,0.02,,rain,71.84,48.94,21.4,0.33,1017.7,4.72,95,0.34,7,10
2019-04-02 00:00:00,0.0006,0.0021,0.04,,rain,70.39,48.87,25.44,0.29,1010.3,5.97,153,0.68,5,10
2019-04-03 00:00:00,0.0008,0.0027,0.08,,rain,70.19,47.23,37.68,0.49,1011.8,5.63,224,0.3,7,10
2019-04-04 00:00:00,0.0006,0.0016,0.03,,rain,71.54,48.4,35.45,0.45,1015.3,4.76,126,0.57,5,10
2019-04-05 00:00:00,0.0005,0.0015,0.05,,rain,71.24,51.41,33.99,0.43,1011.6,5.32,175,0.38,6,10
2019-04-06 00:00:00,0.0009,0.0029,0.13,,rain,71.48,44.67,39.33,0.49,1014.3,5.54,233,0.55,6,10
2019-04-07 00:00:00,0.0005,0.0017,0.02,,rain,78.82,50.95,31.88,0.38,1020.3,5.41,258,0.06,8,10
2019-04-08 00:00:00,0.0004,0.0016,0.01,,rain,83.38,56.33,28.18,0.3,1018.8,4.4,212,0.29,8,10
2019-04-09 00:00:00,0.0002,0.0011,0.01,,rain,80.1,46.75,24.77,0.26,1008,12.83,226,0.48,7,10
2019-04-10 00:00:00,0.0013,0.0032,0.11,,rain,61.38,42.58,28.57,0.42,1012.1,13.61,334,0.47,5,10
2019-04-11 00:00:00,0.0024,0.0141,0.11,,rain,63.8,45.17,26.65,0.39,1013.8,6.46,313,0.34,5,10
2019-04-12 00:00:00,0.0012,0.0025,0.15,,rain,64.12,39.67,34.34,0.51,1008.5,6,10,0.39,5,10
2019-04-13 00:00:00,0.0006,0.0017,0.01,,rain,70.63,43.31,27.56,0.42,1015.3,5.57,319,0.01,8,10
2019-04-14 00:00:00,0,0,0,,,76.75,50.49,26.46,0.34,1011.8,5.65,227,0.14,8,10
2019-04-15 00:00:00,0.0005,0.0021,0.01,,rain,78.57,56.25,22.06,0.23,1007.1,7.85,193,0.4,6,10
2019-04-16 00:00:00,0.0102,0.0604,0.72,,rain,59.88,45.7,38.82,0.55,1009.2,5.81,185,0.69,4,9.722
2019-04-17 00:00:00,0.0005,0.0021,0.03,,rain,73.46,46.68,33.1,0.48,1017.4,10.71,0,0.05,8,10
2019-04-18 00:00:00,0.0004,0.0013,0.01,,rain,82.98,51.23,30.18,0.34,1020,5.97,19,0,10,10
2019-04-19 00:00:00,0.0003,0.0012,0.01,,rain,87.82,57.56,24.73,0.27,1015.2,5.66,68,0.1,10,10
2019-04-20 00:00:00,0.0005,0.0017,0.01,,rain,83.81,54.74,23.01,0.2,1007,6.94,185,0.31,8,10
2019-04-21 00:00:00,0.0009,0.0036,0.06,,rain,74.43,49.34,32.93,0.33,1008.7,7.57,261,0.12,8,10
2019-04-22 00:00:00,0.0009,0.0062,0.04,,rain,76.14,51.47,37.9,0.45,1014.2,7.42,19,0.13,8,10
2019-04-23 00:00:00,0.0004,0.0016,0.02,,rain,81.02,51.21,36.75,0.39,1014.5,7.87,3,0.02,8,10
2019-04-24 00:00:00,0.0004,0.0019,0.01,,rain,86.57,56.96,33.23,0.32,1013.4,5.74,349,0.02,9,10
2019-04-25 00:00:00,0.0008,0.0019,0.01,,rain,88.67,59.34,38,0.33,1013.8,6.02,57,0.07,10,10
2019-04-26 00:00:00,0.0004,0.0013,0.01,,rain,89.15,58.94,32.86,0.3,1012,6.92,228,0.13,10,10
2019-04-27 00:00:00,0,0,0,,,88.56,58.61,25.87,0.21,1009.1,6.92,250,0.13,10,10
2019-04-28 00:00:00,0.0005,0.0018,0.01,,rain,85.99,61.52,24.29,0.19,1005.5,7.41,236,0.11,9,10
2019-04-29 00:00:00,0.0213,0.161,0.84,,rain,69.93,49.97,41.11,0.48,1007,8.3,111,0.75,4,9.421
2019-04-30 00:00:00,0.0039,0.0205,0.6,,rain,70.03,48.73,45.71,0.65,1008.5,6.6,210,0.45,7,10
2019-05-01 00:00:00,0.0009,0.006,0.1,,rain,69.95,44.33,32.7,0.44,1014.6,7.42,355,0.2,8,10
2019-05-02 00:00:00,0.0004,0.0018,0.01,,rain,76.67,48.01,24.09,0.32,1015.1,4.86,276,0.02,9,10
2019-05-03 00:00:00,0.0006,0.0017,0.01,,rain,81.03,51.41,22.85,0.26,1013.3,4.49,196,0.23,8,10
2019-05-04 00:00:00,0.0005,0.0016,0.02,,rain,85.46,53.66,21.82,0.22,1009.6,4.91,113,0.04,9,10
2019-05-05 00:00:00,0.0005,0.0016,0.01,,rain,87.05,52.09,18.06,0.18,1006.4,5.91,187,0.06,10,10
2019-05-06 00:00:00,0.0003,0.0016,0.01,,rain,81.7,55.31,15.03,0.15,1006.9,5.94,180,0.06,9,10
2019-05-07 00:00:00,0.004,0.0173,0.3,,rain,78.73,51.35,36.03,0.36,1009.5,7.44,271,0.36,7,10
2019-05-08 00:00:00,0.001,0.0072,0.18,,rain,75.12,55.01,40.06,0.5,1010.7,5.97,353,0.22,7,10
2019-05-09 00:00:00,0.0011,0.0051,0.15,,rain,72.06,52.27,38.78,0.43,1009.5,5.89,108,0.41,6,10
2019-05-10 00:00:00,0.0106,0.0586,0.77,,rain,71.41,51.88,46.37,0.61,1010.6,5.72,40,0.68,6,9.34
2019-05-11 00:00:00,0.0007,0.0018,0.08,,rain,76.25,53.44,44.12,0.52,1012.5,4.12,43,0.19,8,10
2019-05-12 00:00:00,0.0002,0.0013,0.01,,rain,84.08,55.37,37.3,0.39,1011.7,4.36,303,0.09,8,10
2019-05-13 00:00:00,0.0005,0.0017,0.01,,rain,88.05,58.56,31.84,0.28,1012,5.51,254,0.02,9,10
2019-05-14 00:00:00,0.0004,0.0018,0.01,,rain,87.84,60.31,34.67,0.28,1012.6,4.95,208,0.1,9,10
2019-05-15 00:00:00,0.0004,0.0015,0.01,,rain,86.43,60.69,34.31,0.26,1009.4,7.86,188,0.45,7,10
2019-05-16 00:00:00,0.004,0.019,0.34,,rain,77.99,46.51,32.78,0.31,1005,10.71,201,0.61,5,10
2019-05-17 00:00:00,0.0014,0.0044,0.15,,rain,63.18,43.88,34.8,0.47,1010.5,6.77,269,0.21,7,10
2019-05-18 00:00:00,0.0005,0.0016,0.03,,rain,73.08,57.92,31.17,0.42,1011.9,5.22,230,0.07,9,10
2019-05-19 00:00:00,0.009,0.0575,0.58,,rain,67.61,46.42,35.1,0.42,1005.1,9.1,191,0.66,5,9.842
2019-05-20 00:00:00,0.0101,0.0288,0.62,,rain,60.17,49.26,40.57,0.66,1006.9,5.35,193,0.61,5,10
2019-05-21 00:00:00,0.0015,0.0052,0.26,,rain,66.34,45.98,37.44,0.53,1004.5,7.16,228,0.37,6,10
2019-05-22 00:00:00,0.003,0.0105,0.4,,rain,63.71,47.31,38.19,0.58,1004.1,4.46,144,0.5,5,10
2019-05-23 00:00:00,0.0043,0.0093,0.53,,rain,62.43,50.48,41.93,0.67,1010.6,6.14,216,0.6,4,9.928
2019-05-24 00:00:00,0.0004,0.0014,0.15,,rain,72.37,50.13,42.49,0.55,1014.8,4.38,176,0.28,7,10
2019-05-25 00:00:00,0.0004,0.0013,0.04,,rain,79.99,52.62,32.05,0.39,1010.1,6.4,175,0.06,9,10
2019-05-26 00:00:00,0.0014,0.0076,0.19,,rain,77.57,48.3,23.3,0.25,1006.7,10.19,183,0.35,8,10
2019-05-27 00:00:00,0.0126,0.0437,0.68,,rain,60.97,48.96,41.56,0.62,1009.6,7.14,235,0.68,5,9.53
2019-05-28 00:00:00,0.0042,0.0185,0.54,,rain,69.95,50.32,44.72,0.63,1010.6,4.18,278,0.48,6,10
2019-05-29 00:00:00,0.0008,0.0025,0.13,,rain,78.9,56.39,43.56,0.51,1010.8,4.61,76,0.1,8,10
2019-05-30 00:00:00,0.001,0.0031,0.1,,rain,81.18,56.32,43.13,0.43,1012.3,6.11,105,0.16,8,10
2019-05-31 00:00:00,0.001,0.0025,0.08,,rain,85.97,60.02,39.49,0.37,1011.7,5.56,79,0.11,9,10
2019-06-01 00:00:00,0.0006,0.0017,0.03,,rain,89,56.44,31.36,0.27,1008.5,6.98,116,0.29,7,10
2019-06-02 00:00:00,0.0004,0.0017,0.02,,rain,85.41,57.05,32.1,0.25,1009.1,5.86,144,0.09,8,10
2019-06-03 00:00:00,0.0008,0.0031,0.02,,rain,88.95,59.13,30.87,0.27,1010.3,4.75,21,0.04,8,10
2019-06-04 00:00:00,0.0005,0.0018,0.01,,rain,92.55,62.23,30.32,0.24,1010.8,4.91,32,0.04,10,10
2019-06-05 00:00:00,0.0007,0.0021,0.02,,rain,95.52,65.62,34.95,0.24,1010.4,5.14,9,0.01,11,10
2019-06-06 00:00:00,0.0006,0.0016,0.04,,rain,96.36,66.22,31.46,0.2,1008.7,7.56,210,0.09,10,10
2019-06-07 00:00:00,0.0006,0.0018,0.02,,rain,93.44,60.83,25.63,0.15,1007.4,10.58,203,0.21,10,10
2019-06-08 00:00:00,0.0013,0.0177,0.04,,rain,86.5,54.98,27.94,0.2,1012.2,9.12,352,0.01,11,10
2019-06-09 00:00:00,0.0003,0.0019,0.02,,rain,89.45,59.91,9.85,0.11,1020.2,9.14,34,0.02,10,10
2019-06-10 00:00:00,0.0003,0.001,0.03,,rain,96.01,61.42,8.7,0.08,1018.9,7.23,38,0.24,10,10
2019-06-11 00:00:00,0.0004,0.0015,0.01,,rain,99.35,63.67,15.18,0.11,1016.4,5.01,340,0.07,10,10
2019-06-12 00:00:00,0.0004,0.0018,0.01,,rain,100.36,66.32,20.77,0.13,1013,5.25,57,0.28,8,10
2019-06-13 00:00:00,0.0004,0.0014,0.03,,rain,101.27,66.23,15.86,0.1,1007.8,7.42,209,0.22,9,10
2019-06-14 00:00:00,0.0019,0.0184,0.11,,rain,94.31,65.99,20.77,0.12,1006.8,7,323,0.33,8,10
2019-06-15 00:00:00,0.0003,0.0011,0.08,,rain,95.42,69.32,32.89,0.21,1008.8,5.2,310,0.15,9,10
2019-06-16 00:00:00,0.0029,0.022,0.25,,rain,92.93,62.02,38.24,0.24,1008.6,6.09,76,0.54,7,10
2019-06-17 00:00:00,0.0019,0.0074,0.29,,rain,90.7,65.94,45.33,0.39,1009.7,6.03,36,0.41,9,10
2019-06-18 00:00:00,0.0007,0.0025,0.07,,rain,91.79,65.99,39.05,0.27,1011.7,5.76,333,0.23,9,10
2019-06-19 00:00:00,0.0005,0.0015,0.02,,rain,98.72,68.28,28.67,0.2,1010,7.01,244,0,11,10
2019-06-20 00:00:00,0.0005,0.0015,0.06,,rain,98.23,65.51,21.37,0.11,1005.2,10.07,219,0.02,11,10
2019-06-21 00:00:00,0.0006,0.0013,0.05,,rain,89.42,57.11,28.37,0.2,1004.5,9.2,327,0.1,9,10
2019-06-22 00:00:00,0.0003,0.0013,0.01,,rain,83.21,52.93,13.86,0.14,1012.3,10.82,6,0,8,10
2019-06-23 00:00:00,0.0003,0.0013,0.01,,rain,88.95,59.28,10.16,0.11,1015,5.38,168,0,10,10
2019-06-24 00:00:00,0.0004,0.0015,0.02,,rain,96.65,66.13,8.13,0.1,1010,5.14,232,0,10,10
2019-06-25 00:00:00,0.0004,0.0013,0.02,,rain,97.92,64.24,4.02,0.06,1008.4,7.14,223,0.44,9,10
2019-06-26 00:00:00,0.0004,0.0013,0.01,,rain,95.58,65.16,12.04,0.09,1010.6,7.87,210,0.06,10,10
2019-06-27 00:00:00,0.0006,0.0016,0.01,,rain,97.01,63.92,9.33,0.1,1012.6,7.49,204,0.02,10,10
2019-06-28 00:00:00,0.0004,0.0013,0.01,,rain,100.39,68.76,4.07,0.08,1012.9,6.9,189,0.03,11,10
2019-06-29 00:00:00,0.0011,0.0041,0.07,,rain,97.25,74.22,15.06,0.1,1013.6,6.49,143,0.42,9,10
2019-06-30 00:00:00,0.0004,0.0014,0.05,,rain,93.01,67.23,37.87,0.22,1013.2,5.54,221,0.45,8,10
2019-07-01 00:00:00,0.0004,0.002,0.01,,rain,99.84,66.79,24.85,0.17,1011.1,5.95,239,0,11,10
2019-07-02 00:00:00,0.0004,0.002,0.01,,rain,99.27,64.13,10.19,0.08,1008.2,6.82,219,0.04,11,10
2019-07-03 00:00:00,0.0005,0.0019,0.01,,rain,98.64,65.48,2.29,0.05,1006.7,8.13,211,0.1,11,10
2019-07-04 00:00:00,0.0012,0.013,0.02,,rain,97.54,67.1,10.36,0.07,1008.6,6.77,220,0.01,10,10
2019-07-05 00:00:00,0.0006,0.0016,0.01,,rain,97.8,67.79,15.93,0.1,1013.2,5.67,336,0.08,9,10
2019-07-06 00:00:00,0.001,0.0099,0.01,,rain,99.51,68.54,12.24,0.08,1013.4,5.55,248,0.01,10,10
2019-07-07 00:00:00,0.0004,0.002,0.01,,rain,96.99,67.21,12.21,0.07,1010.7,8,212,0.27,7,10
2019-07-08 00:00:00,0.0005,0.0015,0.01,,rain,96.33,63.99,6.63,0.07,1010.3,7.09,212,0.05,10,10
2019-07-09 00:00:00,0.0005,0.0018,0.01,,rain,98.13,67.61,11.88,0.08,1013.5,4.98,225,0,11,10
2019-07-10 00:00:00,0.0005,0.0015,0.01,,rain,102.08,73.2,15.69,0.09,1015.1,4.96,269,0.01,11,10
2019-07-11 00:00:00,0.0011,0.0076,0.07,,rain,106.51,74.36,20.84,0.1,1013.3,6.27,197,0.07,11,10
2019-07-12 00:00:00,0.0007,0.0021,0.07,,rain,101.59,81.11,29.69,0.14,1011.4,5.46,176,0.44,10,10
2019-07-13 00:00:00,0.0014,0.0038,0.1,,rain,102.63,76,34.95,0.15,1010.8,6.05,143,0.3,11,10
2019-07-14 00:00:00,0.0006,0.0015,0.08,,rain,103.56,74.24,35.5,0.17,1012.2,6.39,171,0.11,11,10
2019-07-15 00:00:00,0.0004,0.0017,0.01,,rain,104.42,72.69,29.36,0.17,1010.3,5.93,233,0.01,11,10
2019-07-16 00:00:00,0,0,0,,,106.06,70.56,9.8,0.06,1007.6,8.37,210,0,11,10
2019-07-17 00:00:00,0,0,0,,,102.64,71.14,5.14,0.05,1010,7.82,220,0.03,10,10
2019-07-18 00:00:00,0,0,0,,,102.35,71.76,19.85,0.11,1010.9,6.54,228,0.14,11,10
2019-07-19 00:00:00,0.0005,0.0024,0.01,,rain,103.19,68.17,10.63,0.08,1008.6,6.66,214,0.01,11,10
2019-07-20 00:00:00,0.0004,0.0016,0.01,,rain,102.43,69.77,4.57,0.05,1009.1,5.14,223,0.03,11,10
2019-07-21 00:00:00,0.0006,0.0018,0.01,,rain,103.6,72.81,11.82,0.07,1011.2,4.88,233,0.06,11,10
2019-07-22 00:00:00,0.0006,0.0017,0.01,,rain,103.48,79.52,22.32,0.1,1012.8,5.88,234,0.37,8,10
2019-07-23 00:00:00,0.0008,0.0024,0.15,,rain,99.15,75.63,42.89,0.21,1014.7,5.94,236,0.38,10,10
2019-07-24 00:00:00,0.0045,0.0142,0.34,,rain,97.56,76.42,53.25,0.34,1014.7,4.98,211,0.32,9,10
2019-07-25 00:00:00,0.0015,0.0038,0.18,,rain,99.68,76.2,53.78,0.35,1013.6,5.21,252,0.35,9,10
2019-07-26 00:00:00,0.0031,0.0178,0.22,,rain,100.46,75.12,54.49,0.35,1013.9,6.04,208,0.07,10,10
2019-07-27 00:00:00,0.0009,0.0021,0.06,,rain,101.14,75.37,49.48,0.31,1014.4,6.52,274,0.06,11,10
2019-07-28 00:00:00,0.0006,0.0016,0.01,,rain,104.66,77.78,34.07,0.19,1012.9,5.37,69,0.05,11,10
2019-07-29 00:00:00,0.0004,0.0014,0.01,,rain,105.71,77.43,24.9,0.11,1009.6,6.17,206,0.2,9,10
2019-07-30 00:00:00,0.0006,0.0015,0.04,,rain,100.44,78.05,32.98,0.15,1010.9,6.12,153,0.37,9,10
2019-07-31 00:00:00,0.0045,0.0145,0.24,,rain,86.2,69.19,58.35,0.46,1014.5,5.39,116,0.52,8,10
2019-08-01 00:00:00,0.0004,0.0013,0.05,,rain,98.27,73.89,51.95,0.41,1014.3,5.17,250,0.02,11,10
2019-08-02 00:00:00,0.0008,0.0065,0.06,,rain,102.18,79.14,41.37,0.22,1013,4.81,236,0.11,10,10
2019-08-03 00:00:00,0.0008,0.0027,0.07,,rain,103.45,79.38,43.66,0.22,1011.6,5.33,251,0.57,9,10
2019-08-04 00:00:00,0.0007,0.002,0.07,,rain,104.18,78.12,42.12,0.22,1012.6,6.32,154,0.34,9,10
2019-08-05 00:00:00,0.0004,0.0014,0.02,,rain,105.14,77.83,38.92,0.2,1012.1,5.72,158,0.04,10,10
2019-08-06 00:00:00,0.0009,0.0044,0.05,,rain,101.24,80.39,35.64,0.17,1011.1,5.14,161,0.32,8,10
2019-08-07 00:00:00,0.0009,0.003,0.1,,rain,99.35,74.93,43.2,0.22,1011.9,5.36,175,0.34,10,10
2019-08-08 00:00:00,0.001,0.0023,0.13,,rain,97.84,72.72,50.3,0.34,1011.7,5.13,213,0.2,10,10
2019-08-09 00:00:00,0.001,0.0025,0.06,,rain,98.32,72.78,42.2,0.28,1010.8,7.3,205,0.08,10,10
2019-08-10 00:00:00,0.0005,0.0013,0.07,,rain,98.02,68.41,36.34,0.21,1010.6,7.71,211,0.06,10,10
2019-08-11 00:00:00,0.0005,0.0013,0.03,,rain,94.96,66.96,27.71,0.16,1012.2,6.26,234,0.01,10,10
2019-08-12 00:00:00,0.0006,0.0016,0.02,,rain,99.35,69.11,25.76,0.15,1013.8,5.24,261,0,10,10
2019-08-13 00:00:00,0.0008,0.0068,0.02,,rain,101.86,69.94,18.84,0.11,1014.2,4.77,271,0,10,10
2019-08-14 00:00:00,0,0,0,,,104.98,72.33,7.91,0.07,1014.2,5.26,285,0,10,10
2019-08-15 00:00:00,0,0,0,,,106.55,72.4,8.41,0.06,1012.1,5.82,269,0,10,10
2019-08-16 00:00:00,0.0004,0.0014,0.02,,rain,104.29,69.78,-0.45,0.04,1009.8,5.89,247,0.01,10,10
2019-08-17 00:00:00,0.0004,0.0013,0.02,,rain,101.6,68.45,0.25,0.04,1008.3,6.35,237,0,10,10
2019-08-18 00:00:00,0.0004,0.0037,0.01,,rain,100.66,70.1,11.55,0.07,1010.1,5.69,237,0.06,9,10
2019-08-19 00:00:00,0,0,0,,,100.42,67.87,8.62,0.07,1011.9,5.51,247,0.03,9,10
2019-08-20 00:00:00,0,0,0,,,103.52,69.32,8.89,0.07,1011.6,5.54,196,0,10,10
2019-08-21 00:00:00,0,0,0,,,103.99,69.78,-0.12,0.05,1009.4,5.3,266,0.02,10,10
2019-08-22 00:00:00,0.0004,0.0014,0.02,,rain,102.62,69.22,-8.34,0.03,1006.2,6.71,201,0.41,7,10
2019-08-23 00:00:00,0.0004,0.0015,0.01,,rain,99.57,69.8,14.05,0.08,1008.7,6.18,237,0.08,9,10
2019-08-24 00:00:00,0.0004,0.0017,0.01,,rain,99.14,70.64,27.77,0.15,1012.6,6.36,244,0.07,9,10
2019-08-25 00:00:00,0.0005,0.0013,0.01,,rain,99.94,71.58,39.47,0.23,1012.6,6.29,242,0,10,10
2019-08-26 00:00:00,0,0,0,,,104.21,71.97,32.07,0.18,1009.9,5.58,299,0,10,10
2019-08-27 00:00:00,0.0004,0.0017,0.01,,rain,104.13,72.97,21.43,0.11,1010,6.25,338,0.1,8,10
2019-08-28 00:00:00,0.0007,0.0029,0.07,,rain,102.74,71.74,32.25,0.15,1011.8,5.95,78,0.01,10,10
2019-08-29 00:00:00,0.0008,0.0029,0.04,,rain,100.73,73.09,44.38,0.26,1013.2,5.86,241,0.01,10,10
2019-08-30 00:00:00,0.0004,0.0014,0.01,,rain,102.1,70.5,38.64,0.22,1011.8,5.27,246,0,10,10
2019-08-31 00:00:00,0,0,0,,,103.58,70.11,15.52,0.1,1011.7,5.25,299,0,10,10
2019-09-01 00:00:00,0.0004,0.0017,0.01,,rain,104.55,74.3,9.35,0.06,1012.2,5.12,293,0,9,10
2019-09-02 00:00:00,0.0006,0.0018,0.05,,rain,97.07,72.16,40.52,0.22,1014.3,5.74,252,0.33,8,10
2019-09-03 00:00:00,0.0008,0.0029,0.11,,rain,101.92,75.78,39.26,0.23,1012.6,5.01,233,0.07,9,10
2019-09-04 00:00:00,0.002,0.0063,0.14,,rain,100.51,73.17,39.45,0.21,1012.1,5.64,102,0.29,9,10
2019-09-05 00:00:00,0.0005,0.0016,0.08,,rain,100.5,71.99,44,0.26,1014.7,5.46,188,0.21,9,10
2019-09-06 00:00:00,0.0007,0.0018,0.07,,rain,100.07,73.15,44.78,0.28,1014.9,5.57,241,0.11,9,10
2019-09-07 00:00:00,0.0005,0.0016,0.02,,rain,100.99,74.24,38.97,0.23,1011.3,5.39,232,0.01,9,10
2019-09-08 00:00:00,0.0005,0.0015,0.04,,rain,92.68,61.86,24.41,0.15,1006.9,7.71,210,0.05,9,10
2019-09-09 00:00:00,0.0006,0.0017,0.04,,rain,93.88,68.7,14.58,0.11,1009,6.08,218,0,8,10
2019-09-10 00:00:00,0.0035,0.0138,0.19,,rain,90.34,66.37,43.17,0.35,1007.1,10.02,203,0.04,8,10
2019-09-11 00:00:00,0.0004,0.0015,0.07,,rain,86,58.55,25.65,0.19,1012.9,7.63,228,0.02,8,10
2019-09-12 00:00:00,0.0003,0.0013,0.04,,rain,90.56,60.55,19.84,0.17,1019.2,5.99,52,0,9,10
2019-09-13 00:00:00,0.0013,0.0154,0.03,,rain,94.3,62.64,9.01,0.1,1016.9,5.73,59,0,9,10
2019-09-14 00:00:00,0.0004,0.0017,0.01,,rain,98.15,65.79,9.48,0.08,1014.9,5.33,75,0.04,8,10
2019-09-15 00:00:00,0.0006,0.0018,0.05,,rain,94.71,70.34,20.96,0.12,1012.2,4.97,180,0.12,8,10
2019-09-16 00:00:00,0.0004,0.0014,0.08,,rain,92.27,68.57,30.9,0.23,1009.6,10.19,198,0.25,8,10
2019-09-17 00:00:00,0.001,0.0027,0.1,,rain,86.5,57.12,16.78,0.13,1011.4,7.1,225,0.14,8,10
2019-09-18 00:00:00,0.0005,0.002,0.05,,rain,89.4,60.28,6.24,0.1,1010.8,6.5,176,0,8,10
2019-09-19 00:00:00,0.0006,0.0016,0.08,,rain,87.11,56.12,4.05,0.07,1006.4,9.64,198,0,8,10
2019-09-20 00:00:00,0.0006,0.0019,0.11,,rain,79.9,51.08,20.07,0.19,1010.6,6.94,264,0.02,7,10
2019-09-21 00:00:00,0.0005,0.0016,0.07,,rain,82.58,52.71,20.32,0.21,1014.8,6.36,23,0.01,7,10
2019-09-22 00:00:00,0.0005,0.0014,0.01,,rain,86.7,60.3,17.03,0.18,1015,5.21,68,0.23,7,10
2019-09-23 00:00:00,0.0011,0.004,0.17,,rain,85.61,56.43,22.4,0.16,1013.8,4.83,100,0.42,5,10
2019-09-24 00:00:00,0.0005,0.0021,0.04,,rain,90.79,59.61,23.58,0.22,1014.1,6.47,30,0.03,8,10
2019-09-25 00:00:00,0.0008,0.002,0.03,,rain,92.5,62.04,25.64,0.19,1010.3,5.97,46,0.09,8,10
2019-09-26 00:00:00,0.0005,0.0015,0.08,,rain,85.97,58.32,41.61,0.33,1011.6,6.31,245,0.45,6,10
2019-09-27 00:00:00,0.0008,0.002,0.05,,rain,85.88,63.07,51.57,0.54,1007.6,5.51,238,0.01,7,10
2019-09-28 00:00:00,0.0016,0.01,0.17,,rain,84.27,59.8,48.23,0.47,1001.4,12.13,192,0.05,7,10
2019-09-29 00:00:00,0.002,0.0097,0.19,,rain,74.01,46.28,24.57,0.28,1004.7,9.36,225,0.07,7,10
2019-09-30 00:00:00,0.0003,0.0015,0.02,,rain,76.72,45.21,8.04,0.16,1008.6,5.12,175,0,7,10
2019-10-01 00:00:00,0.0003,0.0014,0.02,,rain,76.37,45.49,1.55,0.11,1009.6,5.6,332,0,7,10
2019-10-02 00:00:00,0.0005,0.0016,0.03,,rain,79.71,47.62,0.94,0.13,1015.7,4.19,78,0,7,10
2019-10-03 00:00:00,0.0005,0.0015,0.02,,rain,84.99,52.8,-0.41,0.08,1013.9,5.85,125,0,7,10
2019-10-04 00:00:00,0.0005,0.0017,0.01,,rain,83.88,48.6,10.8,0.17,1013.4,7.16,233,0.01,7,10
2019-10-05 00:00:00,0.0006,0.0015,0.01,,rain,83.4,51.45,-5,0.08,1018.4,6.9,22,0,7,10
2019-10-06 00:00:00,0.0004,0.0016,0.01,,rain,83.24,51.14,3.45,0.1,1020.2,7.25,31,0,7,10
2019-10-07 00:00:00,0.0006,0.0016,0.01,,rain,87.48,52.51,-3.27,0.07,1017.8,6.07,62,0,6,10
2019-10-08 00:00:00,0,0,0,,,87.43,55.84,1.96,0.09,1010.9,5.16,123,0.01,6,10
2019-10-09 00:00:00,0.0006,0.0016,0.02,,rain,84.37,41.47,6.04,0.1,1005.5,8.97,319,0.08,6,10
2019-10-10 00:00:00,0.0004,0.0016,0.03,,rain,62.76,35.53,-4.25,0.11,1019.2,14.35,7,0,6,10
2019-10-11 00:00:00,0.0005,0.0018,0.01,,rain,73.76,40.29,-20.44,0.06,1022.9,8.28,55,0.08,5,10
2019-10-12 00:00:00,0.0006,0.002,0.01,,rain,77.48,43.95,-23.66,0.04,1016.2,5.88,66,0,5,10
2019-10-13 00:00:00,0.0003,0.0017,0.01,,rain,80.44,48.11,-11.69,0.06,1013.5,5.39,89,0.07,5,10
2019-10-14 00:00:00,0.0002,0.0012,0.01,,rain,80.5,47.28,11.1,0.15,1013.8,5.02,59,0,5,10
2019-10-15 00:00:00,0,0,0,,,83.99,49.35,4.79,0.13,1018,5.03,72,0.01,5,10
2019-10-16 00:00:00,0,0,0,,,87.94,56.45,1.36,0.08,1016.1,5.07,96,0.18,5,10
2019-10-17 00:00:00,0.0006,0.0017,0.01,,rain,83.91,53.62,15.93,0.14,1005.5,8.08,193,0.3,5,10
2019-10-18 00:00:00,0.0006,0.0017,0.04,,rain,74.77,42.5,20.06,0.27,1010.5,9.59,351,0.02,6,10
2019-10-19 00:00:00,0.0006,0.0016,0.02,,rain,75.6,48.6,1.82,0.14,1012.3,5.99,246,0.09,5,10
2019-10-20 00:00:00,0.0004,0.0016,0.02,,rain,68.6,39.48,10.42,0.2,1015.7,8.12,8,0.08,5,10
2019-10-21 00:00:00,0.0006,0.0014,0.01,,rain,76.01,44.16,9.02,0.19,1020,5.08,42,0.07,5,10
2019-10-22 00:00:00,0.0007,0.0021,0.01,,rain,80.12,48.09,18.5,0.23,1022.3,5.63,20,0,5,10
2019-10-23 00:00:00,0.0008,0.0016,0.01,,rain,77.34,44.65,12.79,0.19,1017.3,7.05,29,0.02,5,10
2019-10-24 00:00:00,0.0004,0.0015,0.01,,rain,68.3,42.27,2.47,0.13,1024.1,9.35,33,0.09,5,10
2019-10-25 00:00:00,0.0005,0.0015,0.01,,rain,76.5,42.88,7.43,0.16,1023.1,5.45,56,0.03,5,10
2019-10-26 00:00:00,0,0,0,,,76.04,45.79,13.36,0.2,1010.7,5,190,0,5,10
2019-10-27 00:00:00,0.0007,0.0018,0.03,,rain,60.71,30.37,15.14,0.24,1008.3,12.26,8,0.04,4,10
2019-10-28 00:00:00,0.0007,0.0016,0.03,,rain,54.84,32.08,-7.12,0.17,1019.8,8.48,354,0.07,4,10
2019-10-29 00:00:00,0.0004,0.0014,0.04,,rain,59.66,21.31,-6.58,0.15,1015.2,9.09,346,0.02,4,10
2019-10-30 00:00:00,0.0006,0.0015,0.05,0.1,snow,51.75,24.92,-7.11,0.23,1031.7,6.99,37,0,4,10
2019-10-31 00:00:00,0.0005,0.0016,0.01,0.02,snow,61.9,30.79,-21.28,0.1,1028.3,5.22,78,0,5,10
2019-11-01 00:00:00,0,0,0,,,67.76,38.65,-19.27,0.07,1024.3,5.54,53,0,5,10
2019-11-02 00:00:00,0,0,0,,,72.87,39.22,-7.96,0.09,1023.8,5.74,61,0,5,10
2019-11-03 00:00:00,0.0009,0.002,0.01,,rain,73.45,40.89,-3.77,0.11,1017.6,5.11,77,0,5,10
2019-11-04 00:00:00,0,0,0,,,75.93,44.57,-1.28,0.11,1016.9,5.15,55,0,4,10
2019-11-05 00:00:00,0,0,0,,,76.63,44.9,13.01,0.19,1019.6,5.26,56,0,4,10
2019-11-06 00:00:00,0,0,0,,,74.31,44.87,10.73,0.18,1017.6,5.18,47,0.03,4,10
2019-11-07 00:00:00,0.0004,0.0013,0.01,,rain,76.34,44.22,6.89,0.15,1022.1,5.27,60,0,4,10
2019-11-08 00:00:00,0,0,0,,,75.55,44.29,0.27,0.12,1024.1,5.15,67,0,4,10
2019-11-09 00:00:00,0,0,0,,,75.1,41.98,-2.93,0.1,1020.1,4.93,88,0.01,4,10
2019-11-10 00:00:00,0,0,0,,,73.44,44.26,0.14,0.12,1016.7,4.95,94,0.11,4,10
2019-11-11 00:00:00,0,0,0,,,73.67,44.1,9,0.16,1019.3,8.28,26,0.02,4,10
2019-11-12 00:00:00,0,0,0,,,72.08,40.57,14.84,0.23,1021.2,5.84,62,0.14,4,10
2019-11-13 00:00:00,0,0,0,,,72.24,42.55,10.46,0.2,1016.6,4.49,59,0.1,4,10
2019-11-14 00:00:00,0,0,0,,,72.63,49.59,11.15,0.19,1018.5,4.22,86,0.45,3,10
2019-11-15 00:00:00,0,0,0,,,73.8,43.93,13.72,0.18,1019.2,4.26,77,0.56,3,10
2019-11-16 00:00:00,0,0,0,,,73.48,42.66,14.24,0.21,1018.7,6.48,29,0.08,3,10
2019-11-17 00:00:00,0,0,0,,,72.16,43.37,12.96,0.21,1020.5,6.05,40,0.02,4,10
2019-11-18 00:00:00,0,0,0,,,74.08,44.23,19.25,0.26,1015.7,4.82,84,0.16,4,10
2019-11-19 00:00:00,0.0146,0.1695,0.68,,rain,71.39,49.09,30.17,0.41,1007.4,5.43,127,0.54,3,9.671
2019-11-20 00:00:00,0.0551,0.1418,0.99,,rain,56.46,43.32,47.76,0.87,1001.8,5.24,83,0.88,2,8.764
2019-11-21 00:00:00,0.0081,0.0314,0.88,,rain,51.91,40.32,40.72,0.83,1013.1,4.12,102,0.59,2,9.779
2019-11-22 00:00:00,0.0009,0.0031,0.2,,rain,55.14,35.52,39.92,0.81,1022.9,3.17,176,0.32,3,9.982
2019-11-23 00:00:00,0.0008,0.0017,0.1,,rain,56.15,34.21,34.99,0.71,1025.3,5.06,58,0.02,3,10
2019-11-24 00:00:00,0.0006,0.0018,0.06,,rain,57.42,35.05,33.33,0.68,1021.2,4.58,66,0.05,3,10
2019-11-25 00:00:00,0.003,0.0122,0.38,,rain,53.11,32.5,31.75,0.69,1008.9,6.55,321,0.45,2,10
2019-11-26 00:00:00,0.0004,0.0017,0.08,,rain,45.84,35.2,20.94,0.52,1015.4,5.54,14,0.08,2,10
2019-11-27 00:00:00,0.0013,0.0058,0.19,,rain,58.68,38.96,21.04,0.39,1005,9.85,143,0.57,2,10
2019-11-28 00:00:00,0.0338,0.115,0.95,,rain,48.06,37.84,39.28,0.87,1003.9,5.86,139,0.88,2,6.262
2019-11-29 00:00:00,0.0287,0.1353,0.96,,rain,41.41,29.65,35.09,0.87,1006.2,7.89,212,0.8,2,5.186
2019-11-30 00:00:00,0.0009,0.006,0.29,0.1,snow,42.96,27.67,28.43,0.78,1024.5,3.76,71,0.32,2,10
2019-12-01 00:00:00,0.0005,0.0016,0.16,0.04,snow,46.67,33.91,27.41,0.72,1025.5,6.37,81,0.45,2,10
2019-12-02 00:00:00,0.0005,0.0016,0.1,,rain,53.09,35.79,34.23,0.75,1024.5,4.87,91,0.49,2,10
2019-12-03 00:00:00,0.0007,0.0017,0.12,,rain,56.21,39.12,38.13,0.79,1022.5,4.3,85,0.64,2,10
2019-12-04 00:00:00,0.0164,0.0825,0.92,,rain,56.73,44.24,40.33,0.8,1016.4,5.96,98,0.62,2,9.151
2019-12-05 00:00:00,0.0081,0.0285,0.9,,rain,53.51,37.46,43.87,0.88,1019.8,4.98,223,0.64,2,8.283
2019-12-06 00:00:00,0.0008,0.0022,0.12,,rain,58.24,41.8,39.73,0.77,1024.1,5.67,81,0.51,2,10
2019-12-07 00:00:00,0.0014,0.0038,0.36,,rain,59.65,48.25,41.72,0.74,1020.9,4.62,82,0.64,2,10
2019-12-08 00:00:00,0.0192,0.0539,0.88,,rain,56.74,38.29,46.11,0.86,1014.9,4.59,243,0.76,2,8.822
2019-12-09 00:00:00,0.0008,0.0017,0.14,,rain,55.7,31.54,36.63,0.74,1018.9,6.78,21,0.1,2,9.997
2019-12-10 00:00:00,0.0007,0.0018,0.09,,rain,52.65,35.05,30.05,0.66,1025.2,4.13,64,0.15,2,10
2019-12-11 00:00:00,0.0005,0.0019,0.1,,rain,53.77,34.04,32.1,0.69,1024.1,3.83,79,0.38,2,10
2019-12-12 00:00:00,0.0004,0.0015,0.09,,rain,55.36,37.34,34.1,0.71,1023.9,3.41,63,0.18,3,10
2019-12-13 00:00:00,0.0007,0.0018,0.13,,rain,58.98,40.19,36.74,0.69,1019.3,3.49,43,0.28,3,10
2019-12-14 00:00:00,0.0026,0.0103,0.44,,rain,52.5,36.55,39.9,0.8,1011,4,1,0.59,2,9.923
2019-12-15 00:00:00,0.0054,0.0264,0.5,,rain,45.43,30.54,31.26,0.7,1014.5,6.64,352,0.52,2,9.872
2019-12-16 00:00:00,0.0004,0.0018,0.1,0.05,snow,45,23.24,18.59,0.52,1031.1,7.05,19,0.01,2,10
2019-12-17 00:00:00,0.0005,0.0017,0.12,0.06,snow,46.09,31.06,14.51,0.47,1034.3,5.3,67,0.11,2,10
2019-12-18 00:00:00,0.0008,0.0017,0.07,,rain,51.09,31.5,17.84,0.44,1023.8,7.28,92,0.66,2,10
2019-12-19 00:00:00,0.0005,0.002,0.08,,rain,50.94,28.83,24.07,0.56,1023.5,3.77,86,0.22,2,10
2019-12-20 00:00:00,0.0005,0.0016,0.1,,rain,52.44,32.19,24.46,0.58,1029.2,4.36,87,0.21,2,10
2019-12-21 00:00:00,0.0006,0.0017,0.07,,rain,55.45,37.52,25.14,0.53,1026.3,5.69,89,0.7,2,10
2019-12-22 00:00:00,0.0006,0.0016,0.05,,rain,57.19,43.2,21.33,0.39,1018.8,7.22,88,0.88,2,10
2019-12-23 00:00:00,0.0096,0.0449,0.73,,rain,56.86,43.67,31.54,0.55,1014.1,6.42,91,0.88,2,9.721
2019-12-24 00:00:00,0.0164,0.0867,0.85,,rain,52.17,38.94,41.06,0.84,1010.4,4.51,136,0.81,2,8.686
2019-12-25 00:00:00,0.0094,0.0314,0.76,,rain,46.2,35.09,36.16,0.85,1014,3.74,180,0.74,2,8.685
2019-12-26 00:00:00,0.0012,0.0034,0.35,,rain,47.38,36.04,31.95,0.73,1017.2,8.05,65,0.74,2,9.756
2019-12-27 00:00:00,0.0033,0.0166,0.51,,rain,44.6,31.08,32.51,0.77,1013.8,7.3,4,0.8,1,9.118
2019-12-28 00:00:00,0.0007,0.0021,0.11,0.07,snow,42.53,24.11,20.2,0.56,1019.9,10.24,349,0.07,2,10
2019-12-29 00:00:00,0.0006,0.0019,0.12,0.09,snow,42.05,30.9,19.65,0.59,1024.1,4.13,47,0.19,2,10
2019-12-30 00:00:00,0.0009,0.0018,0.16,,rain,48.02,30.39,26.92,0.66,1023.6,5.09,82,0.19,2,10
2019-12-31 00:00:00,0.0003,0.0011,0.1,,rain,47.6,27.95,26,0.65,1024.4,6.02,54,0.04,2,10
2020-01-01 00:00:00,0.0017,0.0066,0.18,,rain,48.34,32.62,26.67,0.68,1017,4.1,112,0.52,2,10
2020-01-02 00:00:00,0.0007,0.004,0.22,,rain,50.05,30.35,27.83,0.65,1017.3,6.95,0,0.05,2,10
2020-01-03 00:00:00,0.0005,0.0016,0.06,,rain,53.43,31.83,26.58,0.61,1026.3,4.36,64,0.21,2,10
2020-01-04 00:00:00,0.0007,0.002,0.08,,rain,54.99,31.26,28.11,0.62,1027.8,4.59,82,0.43,2,10
2020-01-05 00:00:00,0.0004,0.0017,0.07,,rain,54.27,31.24,27.32,0.59,1028.2,5.34,49,0.09,3,10
2020-01-06 00:00:00,0.0001,0.0002,0.07,,rain,53.72,30.75,22.95,0.52,1032.9,4.46,67,0,2,10
2020-01-07 00:00:00,0.0005,0.0016,0.08,,rain,55.23,35.41,23.32,0.5,1026.4,5.75,93,0.12,3,10
2020-01-08 00:00:00,0.0001,0.0011,0.04,,rain,54.43,35.18,21.99,0.44,1014.2,5.85,99,0.34,2,10
2020-01-09 00:00:00,0.0006,0.0016,0.08,,rain,51.98,31.66,23.33,0.49,1013.2,4.47,35,0.5,2,10
2020-01-10 00:00:00,0.0006,0.0021,0.08,,rain,47.87,26.22,17.83,0.48,1024,6.83,15,0.03,2,10
2020-01-11 00:00:00,0.0008,0.0019,0.07,0.09,snow,48.48,28.48,16.81,0.47,1020.4,4.59,59,0.09,2,10
2020-01-12 00:00:00,0.0006,0.002,0.1,,rain,50.79,31.73,21.33,0.54,1020.2,3.58,71,0.31,2,10
2020-01-13 00:00:00,0.0005,0.0016,0.1,,rain,52.37,30.38,24.23,0.55,1018.8,3.71,65,0.12,2,10
2020-01-14 00:00:00,0.0004,0.0015,0.05,,rain,56.49,30.22,23.31,0.52,1017.9,4.42,65,0.03,2,10
2020-01-15 00:00:00,0.0004,0.0013,0.08,,rain,56.35,33.63,22.62,0.49,1019.1,5.26,77,0.09,3,10
2020-01-16 00:00:00,0.0006,0.0016,0.06,,rain,62.17,40.79,19.73,0.39,1016.5,6.6,95,0.13,3,10
2020-01-17 00:00:00,0.0037,0.0155,0.25,,rain,54.65,30.75,21.24,0.45,1021.9,7.28,281,0.28,3,9.994
2020-01-18 00:00:00,0.0006,0.0015,0.03,,rain,56.45,32.93,16.34,0.38,1029.3,4.83,66,0.33,3,10
2020-01-19 00:00:00,0.0004,0.0013,0.03,,rain,59.78,41.68,21.35,0.41,1028.5,7.04,63,0.46,3,10
2020-01-20 00:00:00,0.0006,0.0027,0.04,,rain,60.22,44.58,22.09,0.35,1022.6,8.7,83,0.91,3,10
