date,precipIntensity,precipIntensityMax,precipProbability,precipAccumulation,precipType,temperatureHigh,temperatureLow,dewPoint,humidity,pressure,windSpeed,windBearing,cloudCover,uvIndex,visibility,ozone,sunriseTime,sunsetTime
2018-11-05 01:00:00,0.0002,0.0018,0.08,,rain,70.79,62.23,58.69,0.85,1011.6,4.59,153,0.41,5,10,248.4,,
2018-11-06 01:00:00,0.0006,0.0018,0.09,,rain,71.36,58.14,57.95,0.76,1013.5,4.63,166,0.32,5,10,248.3,,
2018-11-07 01:00:00,0.0007,0.0022,0.11,,rain,70.88,57.3,58.05,0.82,1014.8,4.21,270,0.47,4,10,244,,
2018-11-08 01:00:00,0.0004,0.0014,0.06,,rain,76.86,59.85,50.21,0.64,1014.9,4.96,24,0.3,5,10,241.6,,
2018-11-09 01:00:00,0.0003,0.0015,0.02,,rain,83.48,54.28,8.37,0.1,1016.5,7.62,54,0,5,10,258.3,,
2018-11-10 01:00:00,0.0005,0.0018,0.02,,rain,76.21,49.95,25.13,0.29,1014.5,4.14,216,0.01,5,10,251.9,,
2018-11-11 01:00:00,0.0007,0.0021,0.02,,rain,76.66,52.7,33.12,0.39,1017.7,4.19,57,0.01,4,10,282.8,,
2018-11-12 01:00:00,0.0006,0.0019,0.01,,rain,79.5,55.61,10,0.13,1024,4.92,65,0,4,10,287.4,,
2018-11-13 01:00:00,0.0003,0.002,0.01,,rain,79.45,59.45,9.31,0.12,1026.3,5.88,67,0.15,4,10,271.2,,
2018-11-14 01:00:00,0.0006,0.0019,0.02,,rain,79.93,54.52,19.16,0.18,1022.7,4.39,32,0.27,4,10,278.6,,
2018-11-15 01:00:00,0.0006,0.0018,0.02,,rain,79.13,54.17,30.84,0.31,1018.1,3.77,330,0.24,4,10,277.8,,
2018-11-16 01:00:00,0.0006,0.0022,0.05,,rain,73.97,53.72,48.41,0.59,1015.9,3.58,164,0.23,4,10,276.6,,
2018-11-17 01:00:00,0.0004,0.0021,0.09,,rain,70.48,54.19,53.55,0.76,1016.9,3.82,162,0.39,4,10,272.4,,
2018-11-18 01:00:00,0.0004,0.0019,0.1,,rain,71.75,52.82,53.89,0.74,1017.5,3.54,272,0.33,4,10,284.7,,
2018-11-19 01:00:00,0.0007,0.0021,0.1,,rain,71.44,53.34,52.28,0.73,1017,2.81,146,0.59,3,10,285.7,,
2018-11-20 01:00:00,0.0005,0.0021,0.12,,rain,72.22,53.76,53.26,0.74,1016.8,3.52,194,0.1,4,10,279.3,,
2018-11-21 01:00:00,0.0008,0.003,0.26,,rain,69.76,59.68,54.12,0.75,1019.4,3.78,157,0.23,4,10,262.8,,
2018-11-22 01:00:00,0.0064,0.0342,1,,rain,69.07,56.51,56.76,0.79,1020.9,6.46,278,0.47,3,9.452,272.7,,
2018-11-23 01:00:00,0.0005,0.0017,0.17,,rain,69.13,56.5,55.46,0.77,1019.9,3.9,226,0.28,3,10,281.2,,
2018-11-24 01:00:00,0.0004,0.0017,0.13,,rain,70.51,54.94,56.7,0.8,1013.8,3.81,152,0.23,4,10,273.9,,
2018-11-25 01:00:00,0.0007,0.0031,0.15,,rain,74.78,55.45,56.22,0.79,1015.8,3.79,3,0.21,3,10,266.7,,
2018-11-26 01:00:00,0.0005,0.0018,0.03,,rain,77.03,53.76,43.47,0.49,1019,4.22,338,0.02,4,10,272.2,,
2018-11-27 01:00:00,0.0006,0.003,0.05,,rain,72.87,54.15,45.36,0.56,1017.2,3.76,204,0.21,4,10,256.5,,
2018-11-28 01:00:00,0.0008,0.004,0.18,,rain,68.25,59.35,53.94,0.77,1013.6,4.41,156,0.41,3,10,249.3,,
2018-11-29 01:00:00,0.0335,0.1357,1,,rain,64.21,56.58,56.59,0.86,1009.8,9.3,237,0.68,3,8.298,279.9,,
2018-11-30 01:00:00,0.0009,0.0055,0.34,,rain,67.33,51.32,51.67,0.71,1013.2,6.62,287,0.22,3,10,279.1,,
2018-12-01 01:00:00,0.0005,0.0019,0.1,,rain,66.49,51.71,47.61,0.66,1014.9,6.59,286,0.18,3,10,279.2,,
2018-12-02 01:00:00,0.0005,0.0019,0.06,,rain,65.73,49.37,40.07,0.52,1016.8,7.16,307,0.11,3,10,287,,
2018-12-03 01:00:00,0.0004,0.0019,0.03,,rain,68.04,50.06,41.7,0.56,1020.1,3.5,40,0.03,3,10,272.2,,
2018-12-04 01:00:00,0.0004,0.0017,0.01,,rain,71.2,51.18,34.44,0.42,1016.9,4.84,107,0.13,3,10,283.3,,
2018-12-05 01:00:00,0.0181,0.1417,1,,rain,59.8,55.45,46.12,0.71,1013.4,7.08,85,0.78,2,9.424,287.3,,
2018-12-06 01:00:00,0.0472,0.217,1,,rain,60.95,52.66,53.23,0.85,1012.2,7.89,77,0.72,2,8.264,291.9,,
2018-12-07 01:00:00,0.001,0.0052,0.38,,rain,69.99,50.67,50.58,0.71,1018.2,4.57,358,0.17,3,9.99,278.4,,
2018-12-08 01:00:00,0.0006,0.002,0.09,,rain,70.97,50.65,50.4,0.71,1024.1,3.53,345,0.01,3,10,261.4,,
2018-12-09 01:00:00,0.0005,0.0021,0.09,,rain,70.5,53.77,50.68,0.72,1023.6,3.32,333,0.42,3,10,255.2,,
2018-12-10 01:00:00,0.0005,0.0017,0.1,,rain,67.17,52.78,51.73,0.76,1018.3,2.92,183,0.7,3,10,269.9,,
2018-12-11 01:00:00,0.0008,0.0025,0.12,,rain,68.07,51.41,53.45,0.83,1017,3.47,164,0.27,3,9.929,296.3,,
2018-12-12 01:00:00,0.0005,0.0024,0.11,,rain,65.69,47.57,53.99,0.88,1019.8,4.11,130,0.36,3,9.657,282,,
2018-12-13 01:00:00,0.0006,0.0018,0.07,,rain,75.16,53.05,44.54,0.6,1022.5,3.27,72,0.13,3,10,276.2,,
2018-12-14 01:00:00,0.0007,0.0022,0.06,,rain,69.17,50.39,42.5,0.53,1021,3.13,27,0.87,2,10,279.6,,
2018-12-15 01:00:00,0.0002,0.0012,0.07,,rain,70.71,49.29,44.89,0.61,1018.7,3.95,305,0.08,3,10,298.1,,
2018-12-16 01:00:00,0.0008,0.0021,0.14,,rain,68.2,54.87,50.55,0.78,1020.3,3.5,278,0.19,3,10,278.2,,
2018-12-17 01:00:00,0.0008,0.0028,0.25,,rain,65.2,55.18,55.78,0.86,1021.5,3.41,232,0.63,2,10,303.6,,
2018-12-18 01:00:00,0.0005,0.002,0.13,,rain,66.83,51.05,55.76,0.87,1022,3.6,293,0.32,3,9.784,263.8,,
2018-12-19 01:00:00,0.0007,0.0022,0.09,,rain,70.23,50.21,53.23,0.82,1020.9,2.75,348,0.08,3,9.991,253.1,,
2018-12-20 01:00:00,0.0008,0.0022,0.09,,rain,70.56,52.84,50.54,0.73,1018.9,3.05,295,0.16,3,9.973,250.9,,
2018-12-21 01:00:00,0.0004,0.0021,0.11,,rain,67.18,52.15,54.05,0.85,1015.8,3.14,156,0.54,3,10,268.6,,
2018-12-22 01:00:00,0.0005,0.0019,0.12,,rain,67.4,51.43,52.89,0.85,1017.6,3.07,269,0.38,3,9.531,276.2,,
2018-12-23 01:00:00,0.0004,0.0019,0.08,,rain,63.88,54,53.9,0.9,1020,2.7,295,0.51,3,9.516,266.3,,
2018-12-24 01:00:00,0.0012,0.0064,0.19,,rain,63.55,56.7,54.71,0.9,1016.6,3.39,184,0.51,3,9.755,264.6,,
2018-12-25 01:00:00,0.0018,0.026,0.51,,rain,67.02,47.77,47.77,0.64,1010.2,9.37,288,0.17,2,9.97,314.4,,
2018-12-26 01:00:00,0.0008,0.0021,0.08,,rain,64.99,49.23,46.69,0.71,1015.8,3.75,149,0.05,3,10,289.8,,
2018-12-27 01:00:00,0.0008,0.0021,0.12,,rain,65.36,48.22,44.57,0.67,1014,5.77,28,0.18,3,10,300.7,,
2018-12-28 01:00:00,0.0006,0.002,0.02,,rain,62.94,42.78,14.22,0.21,1019.7,6.5,45,0,3,10,321.5,,
2018-12-29 01:00:00,0.0003,0.0017,0.01,,rain,64.32,44.27,23.45,0.35,1025,4.34,16,0.07,3,10,306,,
2018-12-30 01:00:00,0.0006,0.002,0.06,,rain,64.33,49.74,41.44,0.63,1017.6,4.3,136,0.09,3,10,295.4,,
2018-12-31 01:00:00,0.0008,0.0031,0.13,,rain,63.66,47.41,34.59,0.53,1012.4,5.91,53,0.41,3,10,322.5,,
2019-01-01 01:00:00,0.0004,0.0016,0.01,,rain,62.11,42.6,8.97,0.18,1020,9.16,56,0.03,2,10,355.7,,
2019-01-02 01:00:00,0.0006,0.0018,0.03,,rain,63.3,42.46,22.33,0.34,1022.9,3.8,289,0.08,3,10,312,,
2019-01-03 01:00:00,0.0004,0.0018,0.02,,rain,64.52,42.7,34.6,0.52,1021.6,3.12,334,0,3,10,271.7,,
2019-01-04 01:00:00,0.0002,0.002,0.04,,rain,64.43,46.4,42.01,0.67,1017,3.2,165,0.02,4,10,257.9,,
2019-01-05 01:00:00,0.0061,0.0694,0.79,,rain,61.37,47.56,47.87,0.82,1014.7,4.04,126,0.71,3,9.369,251.4,,
2019-01-06 01:00:00,0.0064,0.0499,1,,rain,62.58,51.56,48.45,0.78,1019.2,4.83,289,0.29,3,9.21,278.3,,
2019-01-07 01:00:00,0.0044,0.0238,1,,rain,62.67,49.03,50.93,0.81,1023.2,4.26,109,0.65,3,9.422,257.7,,
2019-01-08 01:00:00,0.0004,0.0019,0.1,,rain,71.61,49.4,49.55,0.73,1019.6,2.91,67,0.43,3,9.97,250,,
2019-01-09 01:00:00,0.0005,0.0022,0.12,,rain,65.29,49.84,52.13,0.84,1020.4,3.78,270,0.35,3,10,263,,
2019-01-10 01:00:00,0.0006,0.0019,0.18,,rain,64.37,51.48,52.19,0.87,1020,3.41,261,0.36,3,10,274.1,,
2019-01-11 01:00:00,0.0006,0.0022,0.15,,rain,62.19,52.25,51.74,0.88,1017.9,3.3,128,0.67,3,9.848,268.3,,
2019-01-12 01:00:00,0.0293,0.2658,1,,rain,64.58,46.78,51.86,0.85,1017,4.48,108,0.55,3,8.812,307,,
2019-01-13 01:00:00,0.0007,0.0019,0.19,,rain,62.68,52.29,48.29,0.78,1018.1,3.25,113,0.27,3,10,272.1,,
2019-01-14 01:00:00,0.0345,0.1685,0.97,,rain,56.41,52.54,49.91,0.84,1016.1,6.38,92,0.78,2,8.383,291.4,,
2019-01-15 01:00:00,0.0329,0.1848,1,,rain,62.41,54.58,51.67,0.84,1017.4,6.48,123,0.81,3,9.431,281.3,,
2019-01-16 01:00:00,0.0138,0.0728,1,,rain,61.76,58.9,57.28,0.95,1021.2,6.44,131,0.88,3,7.84,273.9,,
2019-01-17 01:00:00,0.0231,0.0636,1,,rain,62.86,55.63,59.28,0.96,1021.4,7.78,201,0.88,3,7.433,262,,
2019-01-18 01:00:00,0.0007,0.0024,0.2,,rain,64.52,51.32,55.88,0.89,1023.9,2.89,223,0.51,4,9.654,239.7,,
2019-01-19 01:00:00,0.0006,0.0018,0.07,,rain,74.07,52.94,50.69,0.7,1023.1,3.34,341,0.19,4,10,233.1,,
2019-01-20 01:00:00,0.0006,0.0025,0.11,,rain,70.13,52.6,52.56,0.76,1017.9,4.71,280,0.56,3,10,238.7,,
2019-01-21 01:00:00,0.0002,0.001,0.05,,rain,65.51,46.3,40.67,0.53,1018.1,10.16,298,0.07,3,9.986,308.1,,
2019-01-22 01:00:00,0.0002,0.0015,0.03,,rain,69.53,46.16,29.37,0.37,1024.1,4.79,17,0.06,4,10,280.1,,
2019-01-23 01:00:00,0.0004,0.002,0.02,,rain,67.08,46.05,32.63,0.44,1025.3,3.8,308,0.01,4,10,259.9,,
2019-01-24 01:00:00,0.0007,0.0022,0.04,,rain,72.94,50.23,40.7,0.52,1020.3,3.63,7,0.13,4,10,256.4,,
2019-01-25 01:00:00,0.0005,0.0021,0.02,,rain,77.46,55.02,36.81,0.42,1020.1,3.9,354,0.09,4,10,270.3,,
2019-01-26 01:00:00,0.0006,0.002,0.03,,rain,80.44,49.44,33.7,0.33,1022.1,4.74,358,0.21,4,10,262.6,,
2019-01-27 01:00:00,0.0004,0.002,0.09,,rain,72.89,49.21,42.13,0.54,1019.3,2.41,162,0.27,4,10,252.9,,
2019-01-28 01:00:00,0.0005,0.002,0.08,,rain,69.91,51.6,47.18,0.67,1015.4,2.63,214,0.41,4,9.986,233,,
2019-01-29 01:00:00,0.0004,0.0022,0.16,,rain,65.54,52.31,54.48,0.85,1013.3,3.08,176,0.47,4,9.86,237.1,,
2019-01-30 01:00:00,0.0003,0.0017,0.16,,rain,65.75,54.34,54.09,0.86,1013.3,3.35,160,0.43,4,9.95,264.7,,
2019-01-31 01:00:00,0.0285,0.2274,0.92,,rain,60.77,50.53,53.99,0.88,1014,5.34,115,0.55,3,8.934,294.9,,
2019-02-01 01:00:00,0.001,0.0065,0.37,,rain,63.82,55.57,51.96,0.83,1015.4,4.51,131,0.51,4,9.949,250.4,,
2019-02-02 01:00:00,0.0484,0.2949,1,,rain,62.07,52.43,53.91,0.88,1010.7,9.01,147,0.77,4,7.86,258.8,,
2019-02-03 01:00:00,0.0036,0.0116,0.64,,rain,60.71,52.54,51.95,0.85,1012.9,5.12,197,0.61,4,9.249,264.6,,
2019-02-04 01:00:00,0.0172,0.1154,1,,rain,61.58,49.61,52.06,0.84,1011,7.67,211,0.6,4,9.277,274.7,,
2019-02-05 01:00:00,0.0131,0.1123,0.84,,rain,57.8,42.42,44.71,0.73,1013.4,8.8,275,0.48,3,9.317,287.2,,
2019-02-06 01:00:00,0.0006,0.0015,0.08,,rain,57.98,41.86,31.45,0.49,1019.9,6.27,292,0.01,4,10,306.1,,
2019-02-07 01:00:00,0.0004,0.0014,0.04,,rain,61.66,42.78,34.3,0.53,1024,3.97,337,0.02,4,10,303.7,,
2019-02-08 01:00:00,0.0004,0.0015,0.07,,rain,62.5,48.11,39.66,0.62,1019.8,4.13,264,0.1,5,10,298.2,,
2019-02-09 01:00:00,0.0105,0.085,0.73,,rain,61.03,47.16,45.92,0.75,1017.4,4.68,234,0.32,4,9.78,292.8,,
2019-02-10 01:00:00,0.0053,0.057,1,,rain,59.58,40.79,45.77,0.78,1017.6,7.64,264,0.47,4,9.65,287.5,,
2019-02-11 01:00:00,0.0005,0.0019,0.08,,rain,60.67,42.6,36.01,0.58,1021.6,4.56,343,0.02,5,10,302.4,,
2019-02-12 01:00:00,0.0005,0.0019,0.08,,rain,67.74,50.54,37.18,0.54,1019.4,3.15,75,0.59,5,10,278.9,,
2019-02-13 01:00:00,0.0104,0.0902,1,,rain,64.01,51.42,45.89,0.73,1014.4,5.6,96,0.94,4,9.614,259.7,,
2019-02-14 01:00:00,0.0626,0.18,1,,rain,62.66,50.41,57.08,0.92,1011.1,10.1,215,0.93,4,5.813,250.3,,
2019-02-15 01:00:00,0.0039,0.0235,0.64,,rain,63.55,47.33,49.97,0.8,1018.9,6.04,244,0.66,4,9.423,263.2,,
2019-02-16 01:00:00,0.0015,0.016,0.46,,rain,62.38,46.64,42.96,0.65,1020,9.09,280,0.08,5,9.932,286.4,,
2019-02-17 01:00:00,0.0018,0.012,1,,rain,59.13,42.86,42.71,0.67,1017.6,9.8,281,0.16,4,10,334.5,,
2019-02-18 01:00:00,0.0002,0.0015,0.09,,rain,59.61,41.63,32.35,0.49,1018,5.64,319,0.03,5,10,326.8,,
2019-02-19 01:00:00,0.0005,0.0018,0.05,,rain,59.52,43.38,32.93,0.52,1020.4,3.68,220,0.01,5,10,326.8,,
2019-02-20 01:00:00,0.0033,0.0468,0.51,,rain,58.89,47.47,40.52,0.65,1013.6,6.45,233,0.37,4,10,339,,
2019-02-21 01:00:00,0.001,0.0035,0.35,,rain,57.76,40.62,39.25,0.64,1004.7,7.37,279,0.25,4,10,378.7,,
2019-02-22 01:00:00,0.0004,0.0019,0.08,,rain,61.42,39.55,33.7,0.54,1016.2,4.96,242,0.02,6,10,316.9,,
2019-02-23 01:00:00,0.0003,0.0018,0.07,,rain,62.77,43.64,37.82,0.59,1025.4,4.24,222,0.09,6,10,282.6,,
2019-02-24 01:00:00,0.0004,0.0018,0.1,,rain,65.95,46.84,39.89,0.61,1021.2,4.61,285,0.3,6,10,276.5,,
2019-02-25 01:00:00,0.0004,0.0017,0.09,,rain,65.78,47.51,47.39,0.75,1018.5,3.84,195,0.22,6,10,264.6,,
2019-02-26 01:00:00,0.0009,0.003,0.11,,rain,63.82,49.48,50.88,0.87,1019,3.05,218,0.58,5,9.325,253.3,,
2019-02-27 01:00:00,0.0005,0.0021,0.17,,rain,63.65,55.55,50.61,0.78,1020.9,3.14,243,0.54,6,9.897,236.6,,
2019-02-28 01:00:00,0.0011,0.0057,0.26,,rain,66.67,54.87,55.22,0.85,1019.8,3.71,217,0.73,6,9.816,231.7,,
2019-03-01 01:00:00,0.0006,0.003,0.14,,rain,63.94,53.53,54.96,0.87,1018.5,3.26,249,0.83,6,9.574,219.7,,
2019-03-02 01:00:00,0.0247,0.0591,1,,rain,63.48,56.44,57.14,0.95,1016.8,5.25,168,0.83,5,6.749,235.5,,
2019-03-03 01:00:00,0.0014,0.004,0.32,,rain,63.72,52.63,55.45,0.88,1018.8,5.1,252,0.77,6,8.915,242.3,,
2019-03-04 01:00:00,0.0007,0.0021,0.17,,rain,63.98,47.4,51.07,0.81,1018.5,4.73,266,0.46,6,9.369,247,,
2019-03-05 01:00:00,0.0034,0.0164,0.56,,rain,65.31,56.32,51.2,0.82,1015.8,4.53,171,0.41,7,9.941,257.7,,
2019-03-06 01:00:00,0.0172,0.0957,1,,rain,62.66,53.96,56.32,0.9,1014.6,6.63,161,0.79,4,7.714,295.6,,
2019-03-07 01:00:00,0.0012,0.007,0.4,,rain,62.73,50.68,51.88,0.81,1017,6.27,265,0.33,5,9.432,317.2,,
2019-03-08 01:00:00,0.0026,0.0266,1,,rain,60.73,49.4,45.07,0.68,1017,8.83,269,0.19,5,9.665,341.6,,
2019-03-09 01:00:00,0.0007,0.002,0.15,,rain,60.83,47.18,44.95,0.69,1016.5,6.64,217,0.16,6,9.799,300.6,,
2019-03-10 01:00:00,0.0006,0.0019,0.16,,rain,61.49,47.95,44.61,0.69,1014.5,4.2,229,0.34,4,10,361.4,,
2019-03-11 01:00:00,0.0011,0.0097,0.35,,rain,66.12,51.57,46.03,0.69,1012.1,3.61,342,0.78,3,9.996,372.4,,
2019-03-12 01:00:00,0.0039,0.0215,0.76,,rain,67.54,51.89,51.46,0.78,1008.8,5.39,220,0.44,7,9.936,322.7,,
2019-03-13 01:00:00,0.0006,0.0019,0.12,,rain,65.13,52.18,47.63,0.68,1015.7,5.23,215,0.16,7,9.999,280.6,,
2019-03-14 01:00:00,0.0005,0.0018,0.03,,rain,73.43,51.93,29.1,0.33,1021.5,5.36,57,0.03,7,10,307.4,,
2019-03-15 01:00:00,0.0006,0.0022,0.02,,rain,75.45,52.94,26.75,0.25,1019.5,5.05,34,0.1,6,10,346.2,,
2019-03-16 01:00:00,0.0006,0.0019,0.05,,rain,79.4,53.68,33.82,0.32,1016.7,4.74,330,0.03,7,10,330.8,,
2019-03-17 01:00:00,0.0002,0.0018,0.05,,rain,79.35,53.28,44.66,0.49,1015.7,4.56,168,0.06,8,10,302.8,,
2019-03-18 01:00:00,0.0006,0.002,0.07,,rain,73.19,53.36,51.73,0.68,1015.3,4.47,176,0.1,8,10,272.3,,
2019-03-19 01:00:00,0.001,0.0095,0.14,,rain,66.04,57.37,53.97,0.86,1014.9,4.33,169,0.55,6,9.165,294.4,,
2019-03-20 01:00:00,0.0018,0.0077,0.45,,rain,66.49,53.54,53.11,0.76,1017.3,6.77,216,0.43,5,9.362,350.3,,
2019-03-21 01:00:00,0.0022,0.0126,1,,rain,62.56,51.73,49.65,0.76,1020.2,5.49,253,0.32,5,9.331,345.1,,
2019-03-22 01:00:00,0.0007,0.0018,0.16,,rain,65.72,52.92,49.99,0.75,1021.4,4.72,257,0.26,7,9.986,298.2,,
2019-03-23 01:00:00,0.0004,0.0017,0.12,,rain,65.99,53.49,52.33,0.79,1021.2,5.16,246,0.47,7,9.916,289.4,,
2019-03-24 01:00:00,0.0001,0.0013,0.11,,rain,67.46,50.36,53.7,0.81,1021.5,4.38,231,0.21,7,9.884,296.8,,
2019-03-25 01:00:00,0.0005,0.0018,0.08,,rain,71.3,46.53,52.87,0.79,1019.6,5.38,281,0.11,8,10,295.4,,
2019-03-26 01:00:00,0.0005,0.0017,0.09,,rain,69.86,53.06,51.92,0.79,1016.6,4.59,259,0.37,6,10,304.4,,
2019-03-27 01:00:00,0.0005,0.0019,0.13,,rain,67.74,55,55.45,0.84,1018.2,4.91,248,0.52,7,9.988,286.9,,
2019-03-28 01:00:00,0.0003,0.0015,0.12,,rain,67.87,51.47,52.95,0.76,1022.3,6.24,262,0.3,7,9.814,287,,
2019-03-29 01:00:00,0.0003,0.0015,0.1,,rain,69.6,50.35,50.79,0.73,1021.5,4.69,252,0.23,8,9.995,286.9,,
2019-03-30 01:00:00,0.0005,0.0015,0.06,,rain,75.45,53.84,48.8,0.62,1017.9,4.45,273,0.11,8,10,304.5,,
2019-03-31 01:00:00,0.0003,0.0016,0.05,,rain,79.17,57.7,45.32,0.5,1016.6,3.64,194,0.19,9,10,291.9,,
2019-04-01 01:00:00,0.0005,0.0019,0.06,,rain,78.39,56.71,48.34,0.52,1014.1,3.43,207,0.5,7,10,306.4,,
2019-04-02 01:00:00,0.0006,0.0023,0.14,,rain,67.14,55.55,56.31,0.83,1013.9,5.91,204,0.29,7,10,325.9,,
2019-04-03 01:00:00,0.0007,0.003,0.19,,rain,67.49,55.56,54.2,0.79,1017.3,5.59,237,0.59,6,9.918,294.5,,
2019-04-04 01:00:00,0.0009,0.0035,0.27,,rain,66.65,56.47,52.39,0.74,1018.1,4.55,241,0.61,7,10,311.8,,
2019-04-05 01:00:00,0.0005,0.0018,0.18,,rain,66.5,57.34,52.62,0.74,1016.8,5.54,259,0.43,6,9.955,340.5,,
2019-04-06 01:00:00,0.0007,0.0028,0.15,,rain,69.24,53.55,55.32,0.78,1018.8,5.9,247,0.44,7,9.895,321.4,,
2019-04-07 01:00:00,0.0005,0.0021,0.08,,rain,76.95,54.51,56.86,0.79,1020,3.81,249,0.35,8,9.853,291.5,,
2019-04-08 01:00:00,0.0004,0.0016,0.07,,rain,80.54,58.58,56.28,0.69,1017.6,3.26,238,0.36,8,10,285.1,,
2019-04-09 01:00:00,0.0002,0.0007,0.06,,rain,75.06,59.46,53.99,0.7,1015.1,8.09,269,0.15,8,9.816,304.2,,
2019-04-10 01:00:00,0.0004,0.0014,0.01,,rain,75.56,53.31,38.35,0.37,1017.9,11.8,295,0.01,8,10,355,,
2019-04-11 01:00:00,0.0003,0.0016,0.02,,rain,69.28,54,49.14,0.63,1015,5.21,198,0.24,6,10,391.4,,
2019-04-12 01:00:00,0.0002,0.0014,0.07,,rain,70.88,48.46,51.91,0.69,1009.3,6.05,245,0.08,8,9.951,365.3,,
2019-04-13 01:00:00,0.0006,0.0016,0.04,,rain,73.35,51.53,51.45,0.67,1014.7,4.64,228,0.11,8,10,328.9,,
2019-04-14 01:00:00,0.0003,0.0018,0.07,,rain,72.17,50.51,53.37,0.76,1014.3,4.38,239,0.38,7,9.935,325.2,,
2019-04-15 01:00:00,0.0005,0.0024,0.11,,rain,66.17,55.38,52.2,0.83,1012.1,4.51,238,0.57,6,9.948,343.9,,
2019-04-16 01:00:00,0.0005,0.0025,0.25,,rain,67.06,49.49,52.89,0.76,1015.2,5.8,231,0.57,6,10,355,,
2019-04-17 01:00:00,0.0005,0.0024,0.06,,rain,70.71,49.99,53.61,0.78,1019.9,5.1,241,0.1,9,9.918,321.5,,
2019-04-18 01:00:00,0.0004,0.0015,0.04,,rain,76.14,55.3,54.63,0.74,1018.3,4.87,251,0.26,8,10,303.5,,
2019-04-19 01:00:00,0.0005,0.002,0.05,,rain,64.64,55.35,55.83,0.88,1014.4,5.14,248,0.42,8,9.719,298.7,,
2019-04-20 01:00:00,0.001,0.0035,0.07,,rain,65.48,53.51,53.21,0.79,1015,4.95,239,0.71,5,10,322.4,,
2019-04-21 01:00:00,0.0004,0.0018,0.07,,rain,66.57,50.42,51.69,0.74,1016.1,5.32,247,0.3,8,10,338,,
2019-04-22 01:00:00,0.0002,0.0019,0.05,,rain,67.24,53.53,53.75,0.81,1015.4,4.74,225,0.2,8,10,358,,
2019-04-23 01:00:00,0.0004,0.002,0.08,,rain,69,56.73,56.74,0.86,1014.5,4.67,199,0.25,8,8.934,333.1,,
2019-04-24 01:00:00,0.0004,0.0017,0.05,,rain,68.56,56.34,57.45,0.85,1015.1,4.34,187,0.21,9,9.736,312.1,,
2019-04-25 01:00:00,0.0005,0.0018,0.05,,rain,68.5,55.65,56.44,0.84,1015.1,4.17,221,0.41,9,9.664,309.5,,
2019-04-26 01:00:00,0.0006,0.0025,0.04,,rain,66.55,56.78,55.61,0.86,1015.6,4.56,234,0.56,9,9.925,301.1,,
2019-04-27 01:00:00,0.0004,0.0016,0.05,,rain,66.45,56.24,55.08,0.84,1015,4.31,246,0.74,6,9.961,303.2,,
2019-04-28 01:00:00,0.0005,0.0019,0.07,,rain,66.62,57.53,54.99,0.81,1011.7,4.53,228,0.73,7,10,309.6,,
2019-04-29 01:00:00,0.0026,0.0092,0.5,,rain,67.48,57.55,55.98,0.81,1010.8,4.78,227,0.51,7,9.792,358.2,,
2019-04-30 01:00:00,0.0007,0.0034,0.14,,rain,67.49,54.25,53.59,0.75,1014.9,5.73,255,0.52,6,10,347,,
2019-05-01 01:00:00,0.0003,0.0015,0.04,,rain,69.47,54.04,51.63,0.7,1016.1,6.22,272,0.19,8,10,350.6,,
2019-05-02 01:00:00,0.0003,0.0013,0.03,,rain,68.58,53.51,55.28,0.81,1015.5,5.05,250,0.48,6,9.972,341.2,,
2019-05-03 01:00:00,0.0005,0.0018,0.04,,rain,69.69,57.52,56.1,0.82,1014.4,4.68,223,0.36,9,9.987,328.7,,
2019-05-04 01:00:00,0.0005,0.0026,0.05,,rain,68.45,57.24,56.13,0.82,1012.7,4.6,231,0.55,7,10,322.7,,
2019-05-05 01:00:00,0.0007,0.0026,0.05,,rain,67.86,57.54,54.52,0.77,1012,5.92,245,0.53,9,10,329.7,,
2019-05-06 01:00:00,0.0008,0.0045,0.27,,rain,68.52,58.51,54.52,0.75,1013.4,5.92,253,0.31,7,10,379.4,,
2019-05-07 01:00:00,0.0005,0.0022,0.1,,rain,67.52,58.34,53.75,0.73,1017.5,5.46,250,0.5,6,9.996,369.8,,
2019-05-08 01:00:00,0.0006,0.0023,0.11,,rain,64.67,58.32,54.81,0.79,1015.5,5.17,256,0.76,5,10,354.2,,
2019-05-09 01:00:00,0.0005,0.0018,0.19,,rain,66.96,58.56,55.71,0.8,1010.5,3.68,211,0.8,4,10,354.1,,
2019-05-10 01:00:00,0.0012,0.01,0.32,,rain,68.83,58.52,56.27,0.79,1010.5,3.6,164,0.65,5,10,371.1,,
2019-05-11 01:00:00,0.0005,0.003,0.26,,rain,73.74,56.28,56.96,0.74,1013.1,5.37,253,0.27,8,10,364.5,,
2019-05-12 01:00:00,0.0002,0.001,0.08,,rain,70.58,59.5,58.29,0.84,1014.2,4.83,198,0.34,7,10,353.4,,
2019-05-13 01:00:00,0.0003,0.0018,0.07,,rain,68.71,59.5,58.62,0.85,1015.7,3.8,220,0.69,5,10,330.5,,
2019-05-14 01:00:00,0.0003,0.0017,0.04,,rain,70.78,59.37,58.6,0.84,1015.7,4.84,245,0.59,7,10,315.7,,
2019-05-15 01:00:00,0.0007,0.0035,0.06,,rain,67.46,59.49,57.44,0.82,1014.1,4.8,228,0.9,5,10,310.5,,
2019-05-16 01:00:00,0.0119,0.0898,1,,rain,67.57,56.07,54.66,0.75,1013.2,10.14,248,0.48,7,9.329,350.1,,
2019-05-17 01:00:00,0.0005,0.0017,0.07,,rain,69.49,55.47,50.97,0.67,1015.6,6.75,259,0.05,9,10,339.9,,
2019-05-18 01:00:00,0.0005,0.0019,0.17,,rain,69.51,54.19,53.19,0.73,1014.5,5.34,203,0.32,8,10,310.6,,
2019-05-19 01:00:00,0.0058,0.0225,1,,rain,65.6,56.48,52.24,0.77,1012.6,7.18,253,0.61,5,9.487,385.2,,
2019-05-20 01:00:00,0.0012,0.0042,0.26,,rain,68.44,54.22,51.72,0.7,1013.1,9.32,264,0.17,9,9.963,379.4,,
2019-05-21 01:00:00,0.0005,0.0018,0.17,,rain,65.63,54.52,52.99,0.76,1012,6.77,242,0.41,9,10,329.7,,
2019-05-22 01:00:00,0.0014,0.0132,0.34,,rain,67.37,54.43,51.02,0.72,1007.8,6.79,261,0.28,7,10,403.9,,
2019-05-23 01:00:00,0.0004,0.0016,0.24,,rain,65.5,52.44,53.12,0.77,1013.8,4.43,176,0.44,6,10,386,,
2019-05-24 01:00:00,0.0002,0.0014,0.06,,rain,69.32,50.53,52.42,0.73,1014.8,6.23,273,0.05,8,10,376.1,,
2019-05-25 01:00:00,0.0002,0.0013,0.08,,rain,68.45,57.42,53.71,0.8,1012.8,4.24,215,0.21,7,9.932,364.3,,
2019-05-26 01:00:00,0.0047,0.0341,0.63,,rain,63.16,50.59,52.75,0.79,1013.7,5.26,233,0.79,5,9.527,361.4,,
2019-05-27 01:00:00,0.0004,0.0024,0.11,,rain,65.6,49.18,49.55,0.7,1016.2,5.94,244,0.13,8,10,370.2,,
2019-05-28 01:00:00,0.0004,0.0017,0.05,,rain,67.43,52.49,51.91,0.75,1013.4,4.62,193,0.02,8,10,379.2,,
2019-05-29 01:00:00,0.0007,0.0021,0.06,,rain,69.84,57.43,55.4,0.8,1011.7,4.18,212,0.09,8,9.95,364.2,,
2019-05-30 01:00:00,0.0007,0.002,0.05,,rain,67.77,57.41,56.94,0.84,1012.5,3.21,214,0.48,8,9.377,357.6,,
2019-05-31 01:00:00,0.0007,0.0021,0.06,,rain,68.67,58.69,56.73,0.84,1012.5,4.08,208,0.68,7,9.374,364,,
2019-06-01 01:00:00,0.0006,0.0023,0.06,,rain,68.02,58.51,56.09,0.8,1011.7,3.94,213,0.73,5,10,383.9,,
2019-06-02 01:00:00,0.0003,0.002,0.08,,rain,67.4,59.42,56.36,0.81,1012.4,3.93,242,0.7,5,10,381.7,,
2019-06-03 01:00:00,0.0004,0.002,0.11,,rain,68.61,57.62,56.49,0.79,1012.8,5.07,262,0.61,6,9.943,358.8,,
2019-06-04 01:00:00,0.0005,0.002,0.09,,rain,67.19,58.66,57.83,0.86,1013.1,3.23,223,0.61,7,9.97,329.6,,
2019-06-05 01:00:00,0.0007,0.0019,0.08,,rain,68.61,59.29,59.06,0.88,1013.4,3.3,210,0.58,8,9.018,316.1,,
2019-06-06 01:00:00,0.0007,0.0026,0.08,,rain,69.58,60.4,59.73,0.88,1013.5,3.7,208,0.64,9,9.628,316.1,,
2019-06-07 01:00:00,0.0005,0.0017,0.09,,rain,70.47,60.5,59.2,0.85,1012.6,4.31,221,0.69,7,9.902,317.5,,
2019-06-08 01:00:00,0.0013,0.0167,0.1,,rain,71.57,59.39,59.21,0.82,1012.9,4.38,201,0.46,9,9.994,304,,
2019-06-09 01:00:00,0.0002,0.0019,0.06,,rain,75.48,58.5,60.7,0.84,1014.7,4.74,235,0.29,9,9.358,316.1,,
2019-06-10 01:00:00,0.0002,0.0011,0.05,,rain,85.25,61.47,62.52,0.79,1015.2,4.59,243,0.38,8,9.666,306.5,,
2019-06-11 01:00:00,0.0004,0.0018,0.09,,rain,78.47,62.33,63.44,0.84,1015.3,3.69,201,0.48,8,10,299,,
2019-06-12 01:00:00,0.0003,0.002,0.04,,rain,72.83,60.3,62.61,0.87,1014.2,4.79,225,0.32,9,9.923,305.8,,
2019-06-13 01:00:00,0.0004,0.0016,0.07,,rain,71.68,60.76,59.88,0.85,1013.7,4.12,238,0.57,7,9.922,321.4,,
2019-06-14 01:00:00,0.0414,0.504,0.18,,rain,70.47,60.62,58.13,0.81,1013.6,4.57,221,0.56,7,10,327.7,,
2019-06-15 01:00:00,0.0003,0.0012,0.07,,rain,70.11,62.24,59.28,0.82,1013.1,5.29,224,0.62,8,9.879,319.9,,
2019-06-16 01:00:00,0.0005,0.0024,0.07,,rain,69.57,61.42,60.26,0.84,1011.8,4.13,236,0.79,6,9.993,334.5,,
2019-06-17 01:00:00,0.0003,0.0015,0.05,,rain,68.55,60.87,59.13,0.84,1012,3.5,203,0.73,6,10,349.7,,
2019-06-18 01:00:00,0.0002,0.0012,0.09,,rain,69.46,61.42,58.73,0.83,1014,3.86,224,0.59,7,9.965,353.1,,
2019-06-19 01:00:00,0.0004,0.0021,0.07,,rain,72.41,62.24,59.76,0.8,1014.6,4.74,245,0.45,10,10,323.5,,
2019-06-20 01:00:00,0.0003,0.0018,0.05,,rain,69.72,59.44,59.46,0.83,1013.8,3.55,220,0.73,7,10,319.6,,
2019-06-21 01:00:00,0.0012,0.0033,1,,rain,71.48,61.25,59.28,0.8,1012.5,4.48,204,0.72,7,10,321,,
2019-06-22 01:00:00,0.0002,0.0013,0.04,,rain,71.7,60.31,59.83,0.81,1013.9,5.54,251,0.45,9,10,333.1,,
2019-06-23 01:00:00,0.0003,0.0019,0.02,,rain,72.78,60.42,60.22,0.83,1014.8,5.82,260,0.4,9,10,327,,
2019-06-24 01:00:00,0.0004,0.0031,0.02,,rain,70.54,60.48,60.03,0.86,1012.9,3.95,245,0.68,8,9.988,320,,
2019-06-25 01:00:00,0.0004,0.0016,0.03,,rain,67.6,61.73,59.05,0.85,1012.5,3.48,220,0.86,5,10,317.1,,
2019-06-26 01:00:00,0.0003,0.0014,0.03,,rain,72.41,62.77,58.94,0.79,1014.4,4.94,250,0.56,8,10,326.5,,
2019-06-27 01:00:00,0.0006,0.0017,0.02,,rain,72.65,61.34,60.3,0.8,1015.6,4.83,231,0.43,9,10,315.8,,
2019-06-28 01:00:00,0.0004,0.0015,0.02,,rain,73.67,57.53,61.13,0.82,1015.7,4.73,231,0.48,9,10,309.2,,
2019-06-29 01:00:00,0.0005,0.0018,0.03,,rain,76.82,59.41,60.97,0.82,1015.3,4.06,240,0.35,9,10,303.4,,
2019-06-30 01:00:00,0.0003,0.0013,0.04,,rain,78.6,59.33,61.68,0.77,1015.2,4.84,248,0.21,10,9.985,302.1,,
2019-07-01 01:00:00,0.0002,0.0017,0.01,,rain,75.87,60.25,61.33,0.8,1014.2,4.74,238,0.08,10,9.995,311.5,,
2019-07-02 01:00:00,0.0003,0.0016,0.03,,rain,74.44,61.5,61.39,0.82,1012.9,4.58,206,0.21,10,9.972,307.4,,
2019-07-03 01:00:00,0.0006,0.0025,0.04,,rain,74.48,63.38,60.71,0.79,1012,5.68,191,0.44,8,10,311.7,,
2019-07-04 01:00:00,0.0007,0.0021,0.05,,rain,74.6,62.38,60.37,0.77,1013.2,5.21,224,0.41,9,10,319.2,,
2019-07-05 01:00:00,0.0005,0.0019,0.04,,rain,73.32,62.81,60.89,0.8,1015.6,4.8,227,0.44,9,10,331.1,,
2019-07-06 01:00:00,0.0011,0.0118,0.05,,rain,72.71,62.42,61.07,0.84,1015.8,3.94,220,0.56,9,9.997,315.9,,
2019-07-07 01:00:00,0.0004,0.002,0.03,,rain,72.66,63.44,60.16,0.81,1015,4.73,185,0.64,8,10,321.5,,
2019-07-08 01:00:00,0.0005,0.0018,0.04,,rain,73.55,64.37,59.23,0.77,1015.5,4.41,210,0.6,8,10,316.6,,
2019-07-09 01:00:00,0.0004,0.0016,0.05,,rain,74.6,60.53,61.03,0.77,1016.2,4.61,247,0.45,10,10,309.9,,
2019-07-10 01:00:00,0.0004,0.0016,0.05,,rain,74.09,59.48,61.97,0.83,1016.7,4.26,249,0.29,10,10,312.6,,
2019-07-11 01:00:00,0.0003,0.0016,0.05,,rain,74.1,62.49,62.62,0.84,1014.8,4.18,241,0.23,10,9.771,303.8,,
2019-07-12 01:00:00,0.0005,0.0017,0.08,,rain,74.59,63.23,63.42,0.87,1011,3.72,231,0.3,10,9.589,296.1,,
2019-07-13 01:00:00,0.0005,0.0017,0.08,,rain,71.74,63.3,63.53,0.89,1011,4.04,203,0.4,9,8.812,294.5,,
2019-07-14 01:00:00,0.0005,0.0019,0.07,,rain,74.51,62.35,64.11,0.87,1014,4.42,229,0.38,10,9.532,291.6,,
2019-07-15 01:00:00,0.0004,0.0018,0.07,,rain,76.84,63.39,63.6,0.86,1012.5,3.86,222,0.38,10,9.546,290.7,,
2019-07-16 01:00:00,0.0005,0.0018,0.07,,rain,73.86,64.35,64.09,0.88,1010.5,4.3,191,0.29,9,9.603,295.6,,
2019-07-17 01:00:00,0.0003,0.0016,0.02,,rain,71.65,63.51,62.71,0.84,1013.2,4.69,185,0.49,9,9.959,302.8,,
2019-07-18 01:00:00,0.0004,0.0016,0.04,,rain,75.45,62.43,62.21,0.82,1014.3,4.78,236,0.43,10,10,300.6,,
2019-07-19 01:00:00,0.0002,0.0015,0.06,,rain,73.58,62.89,60.5,0.79,1013.4,4.8,242,0.37,10,10,304.5,,
2019-07-20 01:00:00,0.0004,0.0018,0.05,,rain,74.58,59.53,61.3,0.78,1013.3,5.74,259,0.35,11,10,299.6,,
2019-07-21 01:00:00,0.0004,0.0017,0.08,,rain,75.17,61.51,62.12,0.83,1012.8,5.87,255,0.2,10,9.945,298.8,,
2019-07-22 01:00:00,0.0015,0.012,0.21,,rain,76.42,66.31,63.8,0.84,1014.1,3.6,233,0.32,9,9.994,300.7,,
2019-07-23 01:00:00,0.001,0.0071,0.34,,rain,86.97,66.51,65.4,0.74,1014.2,4.7,256,0.37,9,10,305.1,,
2019-07-24 01:00:00,0.0008,0.0046,0.16,,rain,85.37,69.46,65.42,0.74,1013.6,4.46,208,0.12,10,10,304.8,,
2019-07-25 01:00:00,0.0011,0.0064,0.24,,rain,87.45,66.49,65.71,0.72,1013.2,3.77,229,0.28,9,9.944,300.6,,
2019-07-26 01:00:00,0.0004,0.0017,0.05,,rain,83.72,61.5,65.78,0.76,1014.8,4.84,247,0.06,10,9.935,298.5,,
2019-07-27 01:00:00,0.0005,0.0018,0.02,,rain,81.57,63.51,64.86,0.79,1014.5,4.69,245,0.06,10,9.963,296.4,,
2019-07-28 01:00:00,0.0006,0.0018,0.01,,rain,75.6,65.4,65.27,0.87,1013.8,3.94,212,0.29,9,9.127,294.6,,
2019-07-29 01:00:00,0.0005,0.0016,0.02,,rain,76.43,64.4,64.2,0.84,1012.6,4.14,217,0.41,8,9.481,295.7,,
2019-07-30 01:00:00,0.0005,0.0016,0.03,,rain,75.46,63.54,64.18,0.84,1012.5,4.45,199,0.4,9,9.823,295.5,,
2019-07-31 01:00:00,0.0002,0.0012,0.02,,rain,76.43,60.49,64.79,0.85,1014.3,4.26,239,0.41,9,9.832,300.2,,
2019-08-01 01:00:00,0.0003,0.0014,0.01,,rain,78.66,61.53,64.49,0.85,1015,4.65,258,0.25,10,9.945,300.6,,
2019-08-02 01:00:00,0.0004,0.0022,0.02,,rain,80.15,64.44,64.55,0.83,1014,4.2,227,0.25,10,9.927,307.8,,
2019-08-03 01:00:00,0.0004,0.0015,0.04,,rain,77.5,65.3,65.13,0.86,1013,3.9,219,0.42,8,9.732,309.6,,
2019-08-04 01:00:00,0.0004,0.0017,0.05,,rain,77.62,63.43,65.39,0.85,1013.4,4,234,0.37,9,9.622,299.8,,
2019-08-05 01:00:00,0.0001,0.0006,0.03,,rain,79.27,63.51,64.25,0.82,1013.2,5.01,259,0.26,10,9.873,296.2,,
2019-08-06 01:00:00,0.001,0.004,0.08,,rain,78.44,64.5,64.59,0.84,1012.4,4.96,247,0.25,10,9.894,300.7,,
2019-08-07 01:00:00,0.0021,0.0142,0.22,,rain,75.48,62.38,63.93,0.86,1013.4,4.46,229,0.44,8,9.793,299.5,,
2019-08-08 01:00:00,0.0003,0.0013,0.03,,rain,73.73,62.36,62.88,0.86,1013.2,4.29,247,0.38,9,9.621,302.8,,
2019-08-09 01:00:00,0.0004,0.0013,0.03,,rain,75.76,59.23,63.22,0.84,1012.9,4.37,206,0.29,9,9.889,309,,
2019-08-10 01:00:00,0.0004,0.0014,0.03,,rain,76.91,63.44,62.99,0.83,1013.3,4.55,225,0.23,9,9.914,299.7,,
2019-08-11 01:00:00,0.0005,0.0015,0.06,,rain,75.45,62.33,63.85,0.85,1014.2,4.16,203,0.34,9,9.75,303.7,,
2019-08-12 01:00:00,0.0006,0.0017,0.06,,rain,74.4,60.81,63.55,0.87,1014.5,3.68,199,0.37,9,9.568,300.2,,
2019-08-13 01:00:00,0.0004,0.0019,0.04,,rain,76.98,60,63.29,0.85,1014.4,4.31,259,0.31,10,9.598,295.3,,
2019-08-14 01:00:00,0.0003,0.0011,0.01,,rain,79.38,60.23,62.64,0.85,1014.5,4.16,262,0.26,10,8.74,288,,
2019-08-15 01:00:00,0.0002,0.0013,0.01,,rain,77.35,61.39,62.48,0.87,1013.8,4.25,271,0.28,10,9.2,285.2,,
2019-08-16 01:00:00,0.0003,0.0013,0.03,,rain,73.79,63.66,61.84,0.85,1013.1,3.85,216,0.42,10,9.373,290.3,,
2019-08-17 01:00:00,0.0004,0.0016,0.02,,rain,74.43,64.11,61.03,0.79,1012.3,3.97,207,0.63,8,10,296.8,,
2019-08-18 01:00:00,0.0005,0.0044,0.01,,rain,75.09,63.47,62.15,0.81,1012.4,4.31,233,0.54,8,10,300.4,,
2019-08-19 01:00:00,0.0003,0.0014,0.01,,rain,76.62,57.48,63.08,0.82,1013.6,4.52,261,0.34,9,10,296.5,,
2019-08-20 01:00:00,0.0003,0.0014,0.01,,rain,78.3,57.86,63.42,0.83,1013,4.87,242,0.13,10,9.894,287.4,,
2019-08-21 01:00:00,0.0004,0.0019,0.01,,rain,79.9,64.51,63.15,0.81,1010.2,3.82,225,0.11,10,9.943,288.8,,
2019-08-22 01:00:00,0.0005,0.002,0.04,,rain,74.43,63.32,64.02,0.86,1008.5,5.02,182,0.34,9,9.845,298.6,,
2019-08-23 01:00:00,0.0002,0.0009,0.03,,rain,75.67,62.52,62.94,0.8,1010.8,5.04,171,0.49,8,9.991,295.2,,
2019-08-24 01:00:00,0.0004,0.0018,0.03,,rain,81.54,62.23,65.16,0.82,1013.2,4.57,242,0.19,9,9.934,294.7,,
2019-08-25 01:00:00,0.0005,0.0015,0.04,,rain,84.62,65.13,64.88,0.77,1014,4.4,259,0.18,9,10,291,,
2019-08-26 01:00:00,0.0004,0.0014,0.08,,rain,82.63,65.45,64.43,0.76,1011.2,4.02,242,0.26,8,10,289.4,,
2019-08-27 01:00:00,0.0003,0.0019,0.12,,rain,78.54,67.13,66.34,0.85,1010.4,3.38,216,0.19,9,9.827,288.7,,
2019-08-28 01:00:00,0.0005,0.0017,0.09,,rain,77.44,63.43,65.97,0.83,1013.2,3.82,211,0.39,8,9.961,286.6,,
2019-08-29 01:00:00,0.0004,0.0015,0.07,,rain,81.82,62.99,66.16,0.82,1014.1,4.43,250,0.15,9,9.997,284.6,,
2019-08-30 01:00:00,0.0005,0.0021,0.02,,rain,82.17,63.48,66.39,0.81,1013.3,4.17,227,0.13,9,9.95,285.7,,
2019-08-31 01:00:00,0.0006,0.0019,0.04,,rain,81.15,66,67.05,0.86,1012.2,4.25,248,0.24,9,9.839,290.6,,
2019-09-01 01:00:00,0.0004,0.0022,0.09,,rain,78.03,66.44,66.93,0.9,1011.8,3.3,202,0.29,8,9.47,288.6,,
2019-09-02 01:00:00,0.0007,0.0065,0.14,,rain,84.92,67.03,66.99,0.79,1013.3,3.31,200,0.19,9,9.949,287,,
2019-09-03 01:00:00,0.0004,0.0016,0.21,,rain,86.94,66.05,67.14,0.72,1012.2,4.52,257,0.13,9,10,284.5,,
2019-09-04 01:00:00,0.0012,0.0051,0.15,,rain,87.83,70.47,66.77,0.74,1010.5,4.11,254,0.11,9,9.952,284.9,,
2019-09-05 01:00:00,0.0018,0.0132,0.27,,rain,85.22,66.31,67.77,0.74,1013.2,3.76,241,0.12,9,10,276.5,,
2019-09-06 01:00:00,0.0004,0.0016,0.06,,rain,84.97,65.55,67.54,0.76,1015.7,4.38,245,0.13,9,9.948,271.6,,
2019-09-07 01:00:00,0.0005,0.0018,0.05,,rain,83.54,62.51,65.75,0.78,1013.7,5.07,231,0.09,9,9.977,272.5,,
2019-09-08 01:00:00,0.0004,0.0015,0.04,,rain,76.63,62.57,61.62,0.76,1011.9,4.18,222,0.16,8,10,288.6,,
2019-09-09 01:00:00,0.0004,0.0019,0.08,,rain,76.49,65.37,64.02,0.83,1010.8,4.36,190,0.23,8,10,290.3,,
2019-09-10 01:00:00,0.0004,0.0018,0.09,,rain,76.52,61.56,62.45,0.76,1011.7,5.03,182,0.44,7,10,291.6,,
2019-09-11 01:00:00,0.0002,0.0016,0.03,,rain,78.64,59.08,62.49,0.78,1014.2,5.55,221,0.2,8,10,288.9,,
2019-09-12 01:00:00,0.0002,0.0011,0.03,,rain,81.84,61.02,64.89,0.84,1014.6,4.14,260,0.21,8,10,281.6,,
2019-09-13 01:00:00,0.0005,0.0019,0.04,,rain,83.87,63.5,65.51,0.8,1013.2,4.5,259,0.15,8,9.994,282.8,,
2019-09-14 01:00:00,0.0003,0.0019,0.02,,rain,86.7,65.51,65.43,0.76,1012.3,3.48,206,0.15,8,9.703,286.5,,
2019-09-15 01:00:00,0.0006,0.0017,0.04,,rain,80.28,64.51,65.56,0.83,1011.8,3.61,233,0.48,7,9.845,287.8,,
2019-09-16 01:00:00,0.0008,0.0024,0.11,,rain,78.4,61.55,65.09,0.85,1012.6,3.8,240,0.41,7,9.964,289.9,,
2019-09-17 01:00:00,0.0007,0.0021,0.09,,rain,79.05,60.5,64.23,0.82,1013.7,4.54,213,0.22,8,10,289.8,,
2019-09-18 01:00:00,0.0005,0.0019,0.06,,rain,76.47,62.55,63.04,0.82,1012.7,4.27,201,0.18,8,9.999,279.6,,
2019-09-19 01:00:00,0.0009,0.004,0.09,,rain,75.75,62.49,63.19,0.81,1011.4,5.52,207,0.32,7,10,280.9,,
2019-09-20 01:00:00,0.0006,0.0017,0.05,,rain,77.58,57.95,62.25,0.77,1011.6,5.44,229,0.21,8,10,293.2,,
2019-09-21 01:00:00,0.0003,0.0012,0.03,,rain,82.38,59.33,63.8,0.82,1011.4,4.28,224,0.13,8,10,293,,
2019-09-22 01:00:00,0.0004,0.0015,0.03,,rain,83.99,62.55,64.26,0.79,1011.5,2.85,193,0.39,6,10,285.5,,
2019-09-23 01:00:00,0.0005,0.0019,0.09,,rain,76.55,60.52,64.29,0.86,1013,3.67,204,0.19,7,10,292.3,,
2019-09-24 01:00:00,0.0005,0.0022,0.04,,rain,82.05,64.33,64.81,0.85,1011.5,4.47,241,0.06,8,10,278.3,,
2019-09-25 01:00:00,0.0005,0.002,0.08,,rain,77.45,68.26,66.17,0.87,1009.5,5.36,161,0.25,8,10,278.3,,
2019-09-26 01:00:00,0.0006,0.0023,0.24,,rain,76.48,66.54,65.89,0.84,1013.9,4.19,170,0.59,6,10,288.5,,
2019-09-27 01:00:00,0.0007,0.0022,0.12,,rain,74.52,64.22,63.42,0.8,1012.5,4.96,250,0.48,6,10,282.3,,
2019-09-28 01:00:00,0.001,0.0043,0.17,,rain,72.5,59.54,62.13,0.81,1009,4.53,235,0.61,6,10,288.6,,
2019-09-29 01:00:00,0.0005,0.0022,0.05,,rain,73.46,51.62,54.71,0.67,1010.9,5.02,236,0.14,7,10,292.4,,
2019-09-30 01:00:00,0.0003,0.0016,0.05,,rain,72.54,52.92,53.11,0.68,1011.7,5.27,256,0.03,8,10,279.4,,
2019-10-01 01:00:00,0.0003,0.0015,0.03,,rain,72.79,51.62,54.35,0.69,1011.5,4.78,205,0.08,7,10,280.5,,
2019-10-02 01:00:00,0.0003,0.0014,0.03,,rain,77.79,54.38,56.02,0.72,1013.3,4.92,277,0.02,8,10,273.1,,
2019-10-03 01:00:00,0.0003,0.0016,0.02,,rain,73.59,50.52,56.71,0.75,1013.7,3.33,242,0.02,8,10,269.2,,
2019-10-04 01:00:00,0.0003,0.0013,0.03,,rain,76.34,50.56,56.51,0.78,1015.5,3.91,233,0.02,7,10,278.1,,
2019-10-05 01:00:00,0.0005,0.0016,0.04,,rain,77.23,50.11,55.87,0.74,1016.1,2.89,233,0.03,7,10,272.6,,
2019-10-06 01:00:00,0.0002,0.0015,0.03,,rain,81.42,53.48,55.77,0.73,1015.4,3.88,252,0.02,7,10,269.7,,
2019-10-07 01:00:00,0.0005,0.0016,0.04,,rain,81.4,57.49,58.3,0.75,1013.7,4.42,271,0.07,7,10,265.7,,
2019-10-08 01:00:00,0.0005,0.0015,0.05,,rain,75.3,58.48,59.44,0.82,1011.3,3.4,229,0.17,7,9.762,276.9,,
2019-10-09 01:00:00,0.001,0.0024,0.07,,rain,70.47,60.52,59.12,0.83,1010.6,3.86,193,0.55,6,10,288.7,,
2019-10-10 01:00:00,0.0002,0.0014,0.03,,rain,80.21,62.77,54.56,0.63,1012.3,4.34,115,0.33,6,10,296.9,,
2019-10-11 01:00:00,0.0004,0.0019,0.01,,rain,84.63,51.14,22.03,0.17,1013.4,5.59,93,0.02,6,10,305.1,,
2019-10-12 01:00:00,0.0005,0.002,0.04,,rain,78.85,49.99,49.47,0.58,1011.5,4.11,226,0.04,6,10,300.1,,
2019-10-13 01:00:00,0.0003,0.0015,0.07,,rain,72.56,56.59,57.21,0.82,1011.4,4.01,226,0.1,6,10,301.6,,
2019-10-14 01:00:00,0.0002,0.0013,0.07,,rain,71.78,51.46,57.39,0.78,1013.5,4.24,250,0.25,5,10,304.2,,
2019-10-15 01:00:00,0.0003,0.0016,0.06,,rain,80.47,55.55,58.39,0.8,1014.8,3.94,279,0.11,6,10,294.4,,
2019-10-16 01:00:00,0.0006,0.0023,0.06,,rain,83.21,58.51,58.76,0.75,1012,4.43,218,0.37,5,9.902,280.5,,
2019-10-17 01:00:00,0.0004,0.0017,0.1,,rain,72.94,58.57,60.4,0.86,1009.1,4.88,175,0.29,5,10,288.8,,
2019-10-18 01:00:00,0.0005,0.0019,0.07,,rain,75.73,50.57,57.63,0.78,1012.3,4.7,228,0.11,6,10,280.7,,
2019-10-19 01:00:00,0.0004,0.0016,0.07,,rain,74.1,54.03,56.86,0.81,1012.5,3.53,185,0.13,6,10,285.1,,
2019-10-20 01:00:00,0.0003,0.0016,0.03,,rain,81.66,54.58,57.98,0.76,1011.9,3.4,248,0.08,6,10,281.4,,
2019-10-21 01:00:00,0.0004,0.0015,0.01,,rain,86.35,55.24,45.96,0.42,1015.1,3.88,298,0,6,10,282.6,,
2019-10-22 01:00:00,0.0004,0.0015,0.01,,rain,89.68,53.57,45.52,0.42,1016.5,3.09,272,0,6,10,281.4,,
2019-10-23 01:00:00,0.0005,0.0017,0.03,,rain,82.53,56.95,53.4,0.57,1012,2.96,167,0.01,6,10,282.6,,
2019-10-24 01:00:00,0.0003,0.0015,0.02,,rain,97.37,65.57,34.09,0.34,1013.9,4.88,71,0.01,5,10,293.5,,
2019-10-25 01:00:00,0.0004,0.0017,0.01,,rain,89.34,61.16,29.34,0.19,1015.1,4.96,282,0.01,5,10,287.2,,
2019-10-26 01:00:00,0.0004,0.0017,0.05,,rain,80.66,59.25,49.71,0.52,1009.7,4.57,146,0.03,5,10,284.6,,
2019-10-27 01:00:00,0.0009,0.0032,0.12,,rain,69.69,54.35,58.53,0.8,1008.8,5.73,156,0.51,4,10,292.4,,
2019-10-28 01:00:00,0.0006,0.0018,0.01,,rain,77.49,53.03,33.34,0.35,1014.7,5.65,27,0.04,5,10,301,,
2019-10-29 01:00:00,0.0003,0.0015,0.05,,rain,70.81,53.57,49.71,0.65,1013,4.04,170,0.06,5,10,293.1,,
2019-10-30 01:00:00,0.0004,0.0015,0.01,,rain,76.72,51.88,17.58,0.26,1019,7.38,67,0.09,5,10,288.9,,
2019-10-31 01:00:00,0.0004,0.0015,0.01,,rain,77.44,49.98,16.48,0.21,1019.6,6.63,323,0.02,5,10,295.7,,
2019-11-01 01:00:00,0.0004,0.0015,0.02,,rain,77.59,50.82,28.2,0.31,1018.2,3.84,315,0.01,5,10,290.8,,
2019-11-02 01:00:00,0.0005,0.0023,0.06,,rain,77.41,46.58,42.87,0.52,1017.3,2.56,262,0.09,5,10,269.3,,
2019-11-03 01:00:00,0.0007,0.0019,0.05,,rain,74.28,42.27,47.64,0.63,1014.8,2.26,204,0.04,5,10,265.9,,
2019-11-04 01:00:00,0.0005,0.002,0.06,,rain,75.87,47.08,48.92,0.68,1014.5,3.7,282,0.05,5,10,279.8,,
2019-11-05 01:00:00,0.0005,0.0016,0.08,,rain,72.94,51.23,53.76,0.78,1015.5,3.33,235,0.12,5,10,275.5,,
2019-11-06 01:00:00,0.0007,0.0022,0.13,,rain,68.71,57.39,56.93,0.89,1015.5,2.45,194,0.43,4,9.548,275.4,,
2019-11-07 01:00:00,0.0004,0.0013,0.11,,rain,70.68,48.28,57.5,0.86,1018.2,2.9,276,0.37,4,9.894,281.9,,
2019-11-08 01:00:00,0.0005,0.0021,0.1,,rain,81.2,52.4,55.59,0.76,1018.3,2.65,293,0.18,4,9.844,277.7,,
2019-11-09 01:00:00,0.0006,0.002,0.03,,rain,83.53,56.35,47.08,0.53,1015.6,3.76,282,0.01,5,10,271,,
2019-11-10 01:00:00,0.0003,0.0017,0.1,,rain,69.51,57.7,58.26,0.87,1015.4,3.13,175,0.32,4,9.799,258.3,,
2019-11-11 01:00:00,0.0004,0.0018,0.11,,rain,68.43,53.17,56.94,0.86,1016.5,2.94,234,0.4,4,9.965,250,,
2019-11-12 01:00:00,0.0004,0.0015,0.11,,rain,70.05,54.48,58.24,0.92,1017.1,3.08,286,0.37,4,8.876,255.4,,
2019-11-13 01:00:00,0.0007,0.0015,0.1,,rain,67.48,51.57,56.98,0.92,1016,2.96,276,0.63,3,8.918,268.9,,
2019-11-14 01:00:00,0.0003,0.0014,0.1,,rain,68.83,52.5,56.19,0.88,1018.6,3.78,282,0.67,3,9.896,276.9,,
2019-11-15 01:00:00,0.0003,0.0013,0.15,,rain,69.06,48.56,55.06,0.88,1018.1,3.4,286,0.51,3,9.936,289.6,,
2019-11-16 01:00:00,0.0004,0.0013,0.1,,rain,72.4,51.58,56.31,0.88,1014.9,2.43,277,0.17,4,9.948,288.6,,
2019-11-17 01:00:00,0.0003,0.0018,0.02,,rain,86.38,59.56,42.02,0.44,1014.2,3.6,3,0.06,4,9.404,271.3,,
2019-11-18 01:00:00,0.0005,0.0017,0.01,,rain,85.73,53.08,38.33,0.37,1011.4,3.62,342,0.19,4,10,267.6,,
2019-11-19 01:00:00,0.0009,0.004,0.38,,rain,74.29,57.58,53.89,0.7,1005.9,4.09,169,0.51,3,10,276.9,,
2019-11-20 01:00:00,0.011,0.083,0.91,,rain,61.74,53.52,50.43,0.74,1002.6,7.75,232,0.53,2,10,327.1,,
2019-11-21 01:00:00,0.0015,0.0048,0.56,,rain,66.77,52.1,51.47,0.76,1012.3,3.7,141,0.23,3,10,305.8,,
2019-11-22 01:00:00,0.0003,0.0017,0.07,,rain,69.99,54.63,50.8,0.71,1019.5,3.56,345,0.13,4,10,279.4,,
2019-11-23 01:00:00,0.0005,0.0016,0.04,,rain,73.16,52.9,45.88,0.55,1019.3,4.66,20,0.12,4,10,279.9,,
2019-11-24 01:00:00,0.0005,0.0019,0.03,,rain,73.46,50.23,44.25,0.54,1017.7,3.52,283,0.07,4,10,282.7,,
2019-11-25 01:00:00,0.0004,0.0019,0.08,,rain,66.56,49.6,51.1,0.77,1011.5,3.73,151,0.15,3,10,280.2,,
2019-11-26 01:00:00,0.0005,0.0019,0.04,,rain,68.63,53.2,36.17,0.46,1012,3.86,326,0.28,3,10,289.4,,
2019-11-27 01:00:00,0.0143,0.0707,1,,rain,59.17,49.15,46.68,0.72,1005.4,6.99,235,0.59,2,9.535,324.5,,
2019-11-28 01:00:00,0.0536,0.1789,1,,rain,54.56,44.61,46.93,0.83,1002.8,5.6,110,0.74,2,7.356,371.6,,
2019-11-29 01:00:00,0.0035,0.0121,1,,rain,59.54,45.34,43.31,0.74,1011.8,5.57,295,0.3,3,9.976,347.4,,
2019-11-30 01:00:00,0.0005,0.002,0.3,,rain,61.67,50.04,44.21,0.7,1020.4,3.34,54,0.53,3,10,295.3,,
2019-12-01 01:00:00,0.0003,0.0016,0.11,,rain,65.64,49.37,43.74,0.61,1019.4,3.16,40,0.66,2,10,294.3,,
2019-12-02 01:00:00,0.0003,0.0015,0.1,,rain,67.37,52.63,46,0.66,1019.7,2.61,300,0.34,3,10,297.9,,
2019-12-03 01:00:00,0.0007,0.0049,0.35,,rain,65.54,54.33,51.03,0.75,1017.2,2.1,91,0.94,2,10,296.5,,
2019-12-04 01:00:00,0.0329,0.1693,1,,rain,63.71,54.49,56.37,0.89,1014,4.9,161,0.7,2,8.297,300.8,,
2019-12-05 01:00:00,0.0003,0.0016,0.14,,rain,67.53,54.12,54.5,0.83,1018.9,2.51,41,0.36,3,10,292.1,,
2019-12-06 01:00:00,0.0037,0.0599,1,,rain,68.38,58.91,54.09,0.81,1020.4,2.92,91,0.57,3,10,285.6,,
2019-12-07 01:00:00,0.0017,0.0055,0.49,,rain,68.49,60.32,58.49,0.87,1019.7,3.05,133,0.83,3,9.958,282.8,,
2019-12-08 01:00:00,0.0057,0.0209,0.75,,rain,65.75,52.09,57.81,0.88,1017.3,4.82,252,0.68,2,9.326,298.1,,
2019-12-09 01:00:00,0.0008,0.0051,0.25,,rain,65.84,47.55,53.26,0.84,1018.3,2.95,233,0.14,3,10,308.1,,
2019-12-10 01:00:00,0.0007,0.002,0.1,,rain,65.34,49.26,52.45,0.85,1022.5,2.45,129,0.36,3,10,288.7,,
2019-12-11 01:00:00,0.0004,0.0019,0.08,,rain,66.54,49.42,50.56,0.79,1022,2.84,296,0.25,3,10,288.3,,
2019-12-12 01:00:00,0.0003,0.0015,0.09,,rain,67.57,51.51,53.34,0.87,1022.1,2.66,142,0.24,3,10,267.6,,
2019-12-13 01:00:00,0.0006,0.0019,0.11,,rain,66.07,56.4,55.73,0.93,1019.3,2.65,220,0.35,3,9.395,263,,
2019-12-14 01:00:00,0.0006,0.002,0.15,,rain,65.62,48.59,55.93,0.87,1014.3,4.5,220,0.65,3,10,271,,
2019-12-15 01:00:00,0.0004,0.0017,0.08,,rain,66.21,46.9,39.7,0.55,1016.7,6.99,314,0.05,3,10,302.7,,
2019-12-16 01:00:00,0.0003,0.0015,0.05,,rain,69.18,48.17,26.11,0.34,1023.1,6.96,59,0.09,3,10,283.6,,
2019-12-17 01:00:00,0.0003,0.0014,0.02,,rain,68.83,44.6,19.13,0.22,1023.2,5.43,63,0.3,3,10,283.8,,
2019-12-18 01:00:00,0.0004,0.0014,0.03,,rain,63.67,43.78,33.58,0.48,1018.3,3.48,298,0.29,2,10,323.5,,
2019-12-19 01:00:00,0.0003,0.0017,0.03,,rain,65.79,41.32,38.91,0.59,1020,2,329,0.01,3,10,313.1,,
2019-12-20 01:00:00,0.0005,0.0017,0.03,,rain,73.44,49.41,37.55,0.5,1022.3,2.8,343,0.27,3,10,296.9,,
2019-12-21 01:00:00,0.0004,0.0018,0.03,,rain,71.21,51.74,42.57,0.58,1018.6,2.04,124,0.81,2,10,290.1,,
2019-12-22 01:00:00,0.0019,0.0584,0.66,,rain,66.21,51.06,47.14,0.66,1013.8,4.97,139,0.85,2,10,297.7,,
2019-12-23 01:00:00,0.0592,0.2505,1,,rain,58.88,48.27,50.5,0.85,1010.4,5.66,58,0.76,2,8.829,324.4,,
2019-12-24 01:00:00,0.0007,0.0032,0.32,,rain,60.97,46.4,47.83,0.81,1012,4.04,276,0.4,2,9.919,335.8,,
2019-12-25 01:00:00,0.0072,0.1224,1,,rain,60.82,45.53,46.95,0.76,1013.7,5.72,170,0.46,2,9.781,369.3,,
2019-12-26 01:00:00,0.0593,0.3625,1,,rain,56.55,44.88,44.79,0.79,1010,4.33,68,0.6,2,8.714,400.8,,
2019-12-27 01:00:00,0.0003,0.002,0.13,,rain,61.53,45.77,42.54,0.71,1014.6,2.2,141,0.1,2,10,349.9,,
2019-12-28 01:00:00,0.0006,0.0019,0.1,,rain,62.49,45.77,45.95,0.76,1019,3.47,140,0.15,3,10,317.3,,
2019-12-29 01:00:00,0.0004,0.0019,0.1,,rain,62.89,49.72,46.57,0.78,1020.9,1.95,133,0.29,3,10,322.1,,
2019-12-30 01:00:00,0.0005,0.0018,0.2,,rain,63.67,55.32,39.8,0.55,1015.8,4.85,69,0.63,2,10,375.4,,
2019-12-31 01:00:00,0.0002,0.001,0.08,,rain,71.78,47.62,38.32,0.41,1016.4,5.06,25,0.09,3,10,338.9,,
2020-01-01 01:00:00,0.0003,0.002,0.07,,rain,65.68,45.56,45.99,0.7,1016.2,3.09,139,0.16,3,10,311.4,,
2020-01-02 01:00:00,0.0004,0.0018,0.07,,rain,64.85,46.57,51.31,0.88,1015,2.63,112,0.29,3,10,303.8,,
2020-01-03 01:00:00,0.0005,0.0016,0.08,,rain,69.49,41.6,47.99,0.71,1023,2.53,41,0.21,3,10,286.5,,
2020-01-04 01:00:00,0.0005,0.0018,0.1,,rain,67.17,43.45,49.74,0.85,1026.1,2.57,272,0.22,3,9.982,282.7,,
2020-01-05 01:00:00,0.0004,0.002,0.1,,rain,67.05,47.6,48.27,0.8,1024.6,2.09,311,0.38,3,9.638,282.8,,
2020-01-06 01:00:00,0,0.0002,0.04,,,77.55,50.61,33.96,0.4,1024.3,3.51,23,0.01,3,10,287.2,,
2020-01-07 01:00:00,0.0004,0.0017,0.08,,rain,74.62,44.6,37.24,0.46,1019.5,2.4,321,0.31,3,10,296.4,,
2020-01-08 01:00:00,0.0001,0.0013,0.11,,rain,63.49,48.62,49.61,0.83,1015.8,3.31,163,0.37,2,10,325.2,,
2020-01-09 01:00:00,0.0025,0.0217,0.3,,rain,62.67,44.41,48.36,0.78,1015.1,5.48,256,0.34,2,10,362,,
2020-01-10 01:00:00,0.0004,0.002,0.12,,rain,63.56,40.58,47.96,0.83,1022.7,2.26,168,0.12,3,10,339.4,,
2020-01-11 01:00:00,0.0006,0.002,0.13,,rain,63.14,44.54,47.74,0.84,1020.7,3.12,152,0.19,3,10,335.1,,
2020-01-12 01:00:00,0.0006,0.002,0.12,,rain,62.61,49.83,48.01,0.81,1018.7,3.63,259,0.21,3,10,344.7,,
2020-01-13 01:00:00,0.0003,0.0015,0.07,,rain,63.6,43.57,47.45,0.77,1019.3,3.26,158,0.37,2,10,345.9,,
2020-01-14 01:00:00,0.0003,0.0016,0.1,,rain,62.71,42.57,48.18,0.84,1019.1,2.36,255,0.29,3,9.966,341.5,,
2020-01-15 01:00:00,0.0004,0.0014,0.12,,rain,63.58,47.51,47.99,0.85,1016.5,2.63,297,0.44,2,10,336.5,,
2020-01-16 01:00:00,0.0013,0.0087,0.39,,rain,59.58,50.54,48.07,0.81,1017.8,4.41,193,0.63,2,10,336.5,,
2020-01-17 01:00:00,0.0027,0.0137,1,,rain,61.87,45.83,48.4,0.78,1022.5,3.52,235,0.39,3,10,278.8,,
2020-01-18 01:00:00,0.0004,0.0015,0.08,,rain,68.35,48.71,42.3,0.61,1022.2,4.05,343,0.17,4,10,257.3,,
2020-01-19 01:00:00,0.0003,0.001,0.06,,rain,71.85,51.56,45.02,0.63,1018.9,2.9,30,0.46,4,10,257.6,,
2020-01-20 01:00:00,0.0008,0.0104,0.3,,rain,63.32,53.81,53.07,0.86,1018.5,3.33,176,0.78,3,9.991,269.3,,
