date,value
2019-01-01 00:00:00,0.0
2019-01-01 00:15:00,0.0
2019-01-01 00:30:00,0.0
2019-01-01 00:45:00,0.0
2019-01-01 01:00:00,0.0
2019-01-01 01:15:00,0.0
2019-01-01 01:30:00,0.0
2019-01-01 01:45:00,0.0
2019-01-01 02:00:00,0.0
2019-01-01 02:15:00,0.0
2019-01-01 02:30:00,0.0
2019-01-01 02:45:00,0.0
2019-01-01 03:00:00,0.0
2019-01-01 03:15:00,0.0
2019-01-01 03:30:00,0.0
2019-01-01 03:45:00,0.0
2019-01-01 04:00:00,0.0
2019-01-01 04:15:00,0.0
2019-01-01 04:30:00,0.0
2019-01-01 04:45:00,0.0
2019-01-01 05:00:00,0.0
2019-01-01 05:15:00,0.0
2019-01-01 05:30:00,0.0
2019-01-01 05:45:00,0.0
2019-01-01 06:00:00,0.0
2019-01-01 06:15:00,0.0
2019-01-01 06:30:00,0.0
2019-01-01 06:45:00,0.0
2019-01-01 07:00:00,0.0
2019-01-01 07:15:00,0.0
2019-01-01 07:30:00,0.0
2019-01-01 07:45:00,20.0
2019-01-01 08:00:00,345.0
2019-01-01 08:15:00,870.0
2019-01-01 08:30:00,1372.0
2019-01-01 08:45:00,1942.0
2019-01-01 09:00:00,2597.0
2019-01-01 09:15:00,3277.0
2019-01-01 09:30:00,3907.0
2019-01-01 09:45:00,4583.0
2019-01-01 10:00:00,5204.0
2019-01-01 10:15:00,5839.0
2019-01-01 10:30:00,6429.0
2019-01-01 10:45:00,6964.0
2019-01-01 11:00:00,7524.0
2019-01-01 11:15:00,7871.0
2019-01-01 11:30:00,8292.0
2019-01-01 11:45:00,8549.0
2019-01-01 12:00:00,8771.0
2019-01-01 12:15:00,9012.0
2019-01-01 12:30:00,9205.0
2019-01-01 12:45:00,9214.0
2019-01-01 13:00:00,9157.0
2019-01-01 13:15:00,9118.0
2019-01-01 13:30:00,9046.0
2019-01-01 13:45:00,8886.0
2019-01-01 14:00:00,8584.0
2019-01-01 14:15:00,8231.0
2019-01-01 14:30:00,7823.0
2019-01-01 14:45:00,7322.0
2019-01-01 15:00:00,6751.0
2019-01-01 15:15:00,6122.0
2019-01-01 15:30:00,5439.0
2019-01-01 15:45:00,4712.0
2019-01-01 16:00:00,3921.0
2019-01-01 16:15:00,3054.0
2019-01-01 16:30:00,2182.0
2019-01-01 16:45:00,1339.0
2019-01-01 17:00:00,617.0
2019-01-01 17:15:00,90.0
2019-01-01 17:30:00,0.0
2019-01-01 17:45:00,0.0
2019-01-01 18:00:00,0.0
2019-01-01 18:15:00,0.0
2019-01-01 18:30:00,0.0
2019-01-01 18:45:00,0.0
2019-01-01 19:00:00,0.0
2019-01-01 19:15:00,0.0
2019-01-01 19:30:00,0.0
2019-01-01 19:45:00,0.0
2019-01-01 20:00:00,0.0
2019-01-01 20:15:00,0.0
2019-01-01 20:30:00,0.0
2019-01-01 20:45:00,0.0
2019-01-01 21:00:00,0.0
2019-01-01 21:15:00,0.0
2019-01-01 21:30:00,0.0
2019-01-01 21:45:00,0.0
2019-01-01 22:00:00,0.0
2019-01-01 22:15:00,0.0
2019-01-01 22:30:00,0.0
2019-01-01 22:45:00,0.0
2019-01-01 23:00:00,0.0
2019-01-01 23:15:00,0.0
2019-01-01 23:30:00,0.0
2019-01-01 23:45:00,0.0
2019-01-02 00:00:00,0.0
2019-01-02 00:15:00,0.0
2019-01-02 00:30:00,0.0
2019-01-02 00:45:00,0.0
2019-01-02 01:00:00,0.0
2019-01-02 01:15:00,0.0
2019-01-02 01:30:00,0.0
2019-01-02 01:45:00,0.0
2019-01-02 02:00:00,0.0
2019-01-02 02:15:00,0.0
2019-01-02 02:30:00,0.0
2019-01-02 02:45:00,0.0
2019-01-02 03:00:00,0.0
2019-01-02 03:15:00,0.0
2019-01-02 03:30:00,0.0
2019-01-02 03:45:00,0.0
2019-01-02 04:00:00,0.0
2019-01-02 04:15:00,0.0
2019-01-02 04:30:00,0.0
2019-01-02 04:45:00,0.0
2019-01-02 05:00:00,0.0
2019-01-02 05:15:00,0.0
2019-01-02 05:30:00,0.0
2019-01-02 05:45:00,0.0
2019-01-02 06:00:00,0.0
2019-01-02 06:15:00,0.0
2019-01-02 06:30:00,0.0
2019-01-02 06:45:00,0.0
2019-01-02 07:00:00,0.0
2019-01-02 07:15:00,0.0
2019-01-02 07:30:00,0.0
2019-01-02 07:45:00,18.0
2019-01-02 08:00:00,334.0
2019-01-02 08:15:00,855.0
2019-01-02 08:30:00,1359.0
2019-01-02 08:45:00,1938.0
2019-01-02 09:00:00,2601.0
2019-01-02 09:15:00,3285.0
2019-01-02 09:30:00,3939.0
2019-01-02 09:45:00,4655.0
2019-01-02 10:00:00,5314.0
2019-01-02 10:15:00,5872.0
2019-01-02 10:30:00,6403.0
2019-01-02 10:45:00,6964.0
2019-01-02 11:00:00,7583.0
2019-01-02 11:15:00,7984.0
2019-01-02 11:30:00,8425.0
2019-01-02 11:45:00,8688.0
2019-01-02 12:00:00,8919.0
2019-01-02 12:15:00,9136.0
2019-01-02 12:30:00,9318.0
2019-01-02 12:45:00,9371.0
2019-01-02 13:00:00,9316.0
2019-01-02 13:15:00,9231.0
2019-01-02 13:30:00,9065.0
2019-01-02 13:45:00,8807.0
2019-01-02 14:00:00,8571.0
2019-01-02 14:15:00,7768.0
2019-01-02 14:30:00,7777.0
2019-01-02 14:45:00,7146.0
2019-01-02 15:00:00,6867.0
2019-01-02 15:15:00,6125.0
2019-01-02 15:30:00,5499.0
2019-01-02 15:45:00,4769.0
2019-01-02 16:00:00,4013.0
2019-01-02 16:15:00,2762.0
2019-01-02 16:30:00,2219.0
2019-01-02 16:45:00,1476.0
2019-01-02 17:00:00,753.0
2019-01-02 17:15:00,131.0
2019-01-02 17:30:00,0.0
2019-01-02 17:45:00,0.0
2019-01-02 18:00:00,0.0
2019-01-02 18:15:00,0.0
2019-01-02 18:30:00,0.0
2019-01-02 18:45:00,0.0
2019-01-02 19:00:00,0.0
2019-01-02 19:15:00,0.0
2019-01-02 19:30:00,0.0
2019-01-02 19:45:00,0.0
2019-01-02 20:00:00,0.0
2019-01-02 20:15:00,0.0
2019-01-02 20:30:00,0.0
2019-01-02 20:45:00,0.0
2019-01-02 21:00:00,0.0
2019-01-02 21:15:00,0.0
2019-01-02 21:30:00,0.0
2019-01-02 21:45:00,0.0
2019-01-02 22:00:00,0.0
2019-01-02 22:15:00,0.0
2019-01-02 22:30:00,0.0
2019-01-02 22:45:00,0.0
2019-01-02 23:00:00,0.0
2019-01-02 23:15:00,0.0
2019-01-02 23:30:00,0.0
2019-01-02 23:45:00,0.0
2019-01-03 00:00:00,0.0
2019-01-03 00:15:00,0.0
2019-01-03 00:30:00,0.0
2019-01-03 00:45:00,0.0
2019-01-03 01:00:00,0.0
2019-01-03 01:15:00,0.0
2019-01-03 01:30:00,0.0
2019-01-03 01:45:00,0.0
2019-01-03 02:00:00,0.0
2019-01-03 02:15:00,0.0
2019-01-03 02:30:00,0.0
2019-01-03 02:45:00,0.0
2019-01-03 03:00:00,0.0
2019-01-03 03:15:00,0.0
2019-01-03 03:30:00,0.0
2019-01-03 03:45:00,0.0
2019-01-03 04:00:00,0.0
2019-01-03 04:15:00,0.0
2019-01-03 04:30:00,0.0
2019-01-03 04:45:00,0.0
2019-01-03 05:00:00,0.0
2019-01-03 05:15:00,0.0
2019-01-03 05:30:00,0.0
2019-01-03 05:45:00,0.0
2019-01-03 06:00:00,0.0
2019-01-03 06:15:00,0.0
2019-01-03 06:30:00,0.0
2019-01-03 06:45:00,0.0
2019-01-03 07:00:00,0.0
2019-01-03 07:15:00,0.0
2019-01-03 07:30:00,0.0
2019-01-03 07:45:00,19.0
2019-01-03 08:00:00,306.0
2019-01-03 08:15:00,807.0
2019-01-03 08:30:00,1281.0
2019-01-03 08:45:00,1839.0
2019-01-03 09:00:00,2483.0
2019-01-03 09:15:00,3151.0
2019-01-03 09:30:00,3802.0
2019-01-03 09:45:00,4509.0
2019-01-03 10:00:00,5141.0
2019-01-03 10:15:00,5661.0
2019-01-03 10:30:00,6211.0
2019-01-03 10:45:00,3331.0
2019-01-03 11:00:00,6680.0
2019-01-03 11:15:00,7619.0
2019-01-03 11:30:00,8008.0
2019-01-03 11:45:00,8286.0
2019-01-03 12:00:00,8483.0
2019-01-03 12:15:00,8708.0
2019-01-03 12:30:00,8889.0
2019-01-03 12:45:00,8885.0
2019-01-03 13:00:00,8863.0
2019-01-03 13:15:00,8769.0
2019-01-03 13:30:00,8628.0
2019-01-03 13:45:00,8422.0
2019-01-03 14:00:00,6672.0
2019-01-03 14:15:00,7817.0
2019-01-03 14:30:00,7501.0
2019-01-03 14:45:00,7054.0
2019-01-03 15:00:00,6529.0
2019-01-03 15:15:00,5943.0
2019-01-03 15:30:00,5295.0
2019-01-03 15:45:00,4606.0
2019-01-03 16:00:00,3878.0
2019-01-03 16:15:00,2597.0
2019-01-03 16:30:00,2107.0
2019-01-03 16:45:00,1460.0
2019-01-03 17:00:00,749.0
2019-01-03 17:15:00,137.0
2019-01-03 17:30:00,0.0
2019-01-03 17:45:00,0.0
2019-01-03 18:00:00,0.0
2019-01-03 18:15:00,0.0
2019-01-03 18:30:00,0.0
2019-01-03 18:45:00,0.0
2019-01-03 19:00:00,0.0
2019-01-03 19:15:00,0.0
2019-01-03 19:30:00,0.0
2019-01-03 19:45:00,0.0
2019-01-03 20:00:00,0.0
2019-01-03 20:15:00,0.0
2019-01-03 20:30:00,0.0
2019-01-03 20:45:00,0.0
2019-01-03 21:00:00,0.0
2019-01-03 21:15:00,0.0
2019-01-03 21:30:00,0.0
2019-01-03 21:45:00,0.0
2019-01-03 22:00:00,0.0
2019-01-03 22:15:00,0.0
2019-01-03 22:30:00,0.0
2019-01-03 22:45:00,0.0
2019-01-03 23:00:00,0.0
2019-01-03 23:15:00,0.0
2019-01-03 23:30:00,0.0
2019-01-03 23:45:00,0.0
2019-01-04 00:00:00,0.0
2019-01-04 00:15:00,0.0
2019-01-04 00:30:00,0.0
2019-01-04 00:45:00,0.0
2019-01-04 01:00:00,0.0
2019-01-04 01:15:00,0.0
2019-01-04 01:30:00,0.0
2019-01-04 01:45:00,0.0
2019-01-04 02:00:00,0.0
2019-01-04 02:15:00,0.0
2019-01-04 02:30:00,0.0
2019-01-04 02:45:00,0.0
2019-01-04 03:00:00,0.0
2019-01-04 03:15:00,0.0
2019-01-04 03:30:00,0.0
2019-01-04 03:45:00,0.0
2019-01-04 04:00:00,0.0
2019-01-04 04:15:00,0.0
2019-01-04 04:30:00,0.0
2019-01-04 04:45:00,0.0
2019-01-04 05:00:00,0.0
2019-01-04 05:15:00,0.0
2019-01-04 05:30:00,0.0
2019-01-04 05:45:00,0.0
2019-01-04 06:00:00,0.0
2019-01-04 06:15:00,0.0
2019-01-04 06:30:00,0.0
2019-01-04 06:45:00,0.0
2019-01-04 07:00:00,0.0
2019-01-04 07:15:00,0.0
2019-01-04 07:30:00,0.0
2019-01-04 07:45:00,19.0
2019-01-04 08:00:00,313.0
2019-01-04 08:15:00,829.0
2019-01-04 08:30:00,1316.0
2019-01-04 08:45:00,1880.0
2019-01-04 09:00:00,2481.0
2019-01-04 09:15:00,3175.0
2019-01-04 09:30:00,3815.0
2019-01-04 09:45:00,4482.0
2019-01-04 10:00:00,5084.0
2019-01-04 10:15:00,5627.0
2019-01-04 10:30:00,6145.0
2019-01-04 10:45:00,6658.0
2019-01-04 11:00:00,7258.0
2019-01-04 11:15:00,7689.0
2019-01-04 11:30:00,8089.0
2019-01-04 11:45:00,8400.0
2019-01-04 12:00:00,8624.0
2019-01-04 12:15:00,8813.0
2019-01-04 12:30:00,9045.0
2019-01-04 12:45:00,9080.0
2019-01-04 13:00:00,9038.0
2019-01-04 13:15:00,8972.0
2019-01-04 13:30:00,8842.0
2019-01-04 13:45:00,8648.0
2019-01-04 14:00:00,8383.0
2019-01-04 14:15:00,8053.0
2019-01-04 14:30:00,7668.0
2019-01-04 14:45:00,7229.0
2019-01-04 15:00:00,6712.0
2019-01-04 15:15:00,6119.0
2019-01-04 15:30:00,5469.0
2019-01-04 15:45:00,4756.0
2019-01-04 16:00:00,3995.0
2019-01-04 16:15:00,3185.0
2019-01-04 16:30:00,2361.0
2019-01-04 16:45:00,1558.0
2019-01-04 17:00:00,829.0
2019-01-04 17:15:00,176.0
2019-01-04 17:30:00,0.0
2019-01-04 17:45:00,0.0
2019-01-04 18:00:00,0.0
2019-01-04 18:15:00,0.0
2019-01-04 18:30:00,0.0
2019-01-04 18:45:00,0.0
2019-01-04 19:00:00,0.0
2019-01-04 19:15:00,0.0
2019-01-04 19:30:00,0.0
2019-01-04 19:45:00,0.0
2019-01-04 20:00:00,0.0
2019-01-04 20:15:00,0.0
2019-01-04 20:30:00,0.0
2019-01-04 20:45:00,0.0
2019-01-04 21:00:00,0.0
2019-01-04 21:15:00,0.0
2019-01-04 21:30:00,0.0
2019-01-04 21:45:00,0.0
2019-01-04 22:00:00,0.0
2019-01-04 22:15:00,0.0
2019-01-04 22:30:00,0.0
2019-01-04 22:45:00,0.0
2019-01-04 23:00:00,0.0
2019-01-04 23:15:00,0.0
2019-01-04 23:30:00,0.0
2019-01-04 23:45:00,0.0
2019-01-05 00:00:00,0.0
2019-01-05 00:15:00,0.0
2019-01-05 00:30:00,0.0
2019-01-05 00:45:00,0.0
2019-01-05 01:00:00,0.0
2019-01-05 01:15:00,0.0
2019-01-05 01:30:00,0.0
2019-01-05 01:45:00,0.0
2019-01-05 02:00:00,0.0
2019-01-05 02:15:00,0.0
2019-01-05 02:30:00,0.0
2019-01-05 02:45:00,0.0
2019-01-05 03:00:00,0.0
2019-01-05 03:15:00,0.0
2019-01-05 03:30:00,0.0
2019-01-05 03:45:00,0.0
2019-01-05 04:00:00,0.0
2019-01-05 04:15:00,0.0
2019-01-05 04:30:00,0.0
2019-01-05 04:45:00,0.0
2019-01-05 05:00:00,0.0
2019-01-05 05:15:00,0.0
2019-01-05 05:30:00,0.0
2019-01-05 05:45:00,0.0
2019-01-05 06:00:00,0.0
2019-01-05 06:15:00,0.0
2019-01-05 06:30:00,0.0
2019-01-05 06:45:00,0.0
2019-01-05 07:00:00,0.0
2019-01-05 07:15:00,0.0
2019-01-05 07:30:00,0.0
2019-01-05 07:45:00,0.0
2019-01-05 08:00:00,98.0
2019-01-05 08:15:00,309.0
2019-01-05 08:30:00,435.0
2019-01-05 08:45:00,677.0
2019-01-05 09:00:00,866.0
2019-01-05 09:15:00,1232.0
2019-01-05 09:30:00,1483.0
2019-01-05 09:45:00,1625.0
2019-01-05 10:00:00,1676.0
2019-01-05 10:15:00,2019.0
2019-01-05 10:30:00,2057.0
2019-01-05 10:45:00,2059.0
2019-01-05 11:00:00,2375.0
2019-01-05 11:15:00,2471.0
2019-01-05 11:30:00,2717.0
2019-01-05 11:45:00,2717.0
2019-01-05 12:00:00,2740.0
2019-01-05 12:15:00,3147.0
2019-01-05 12:30:00,2821.0
2019-01-05 12:45:00,2607.0
2019-01-05 13:00:00,2774.0
2019-01-05 13:15:00,3700.0
2019-01-05 13:30:00,3313.0
2019-01-05 13:45:00,2061.0
2019-01-05 14:00:00,1881.0
2019-01-05 14:15:00,1948.0
2019-01-05 14:30:00,1514.0
2019-01-05 14:45:00,1335.0
2019-01-05 15:00:00,1524.0
2019-01-05 15:15:00,1414.0
2019-01-05 15:30:00,1122.0
2019-01-05 15:45:00,725.0
2019-01-05 16:00:00,429.0
2019-01-05 16:15:00,254.0
2019-01-05 16:30:00,229.0
2019-01-05 16:45:00,100.0
2019-01-05 17:00:00,3.0
2019-01-05 17:15:00,0.0
2019-01-05 17:30:00,0.0
2019-01-05 17:45:00,0.0
2019-01-05 18:00:00,0.0
2019-01-05 18:15:00,0.0
2019-01-05 18:30:00,0.0
2019-01-05 18:45:00,0.0
2019-01-05 19:00:00,0.0
2019-01-05 19:15:00,0.0
2019-01-05 19:30:00,0.0
2019-01-05 19:45:00,0.0
2019-01-05 20:00:00,0.0
2019-01-05 20:15:00,0.0
2019-01-05 20:30:00,0.0
2019-01-05 20:45:00,0.0
2019-01-05 21:00:00,0.0
2019-01-05 21:15:00,0.0
2019-01-05 21:30:00,0.0
2019-01-05 21:45:00,0.0
2019-01-05 22:00:00,0.0
2019-01-05 22:15:00,0.0
2019-01-05 22:30:00,0.0
2019-01-05 22:45:00,0.0
2019-01-05 23:00:00,0.0
2019-01-05 23:15:00,0.0
2019-01-05 23:30:00,0.0
2019-01-05 23:45:00,0.0
2019-01-06 00:00:00,0.0
2019-01-06 00:15:00,0.0
2019-01-06 00:30:00,0.0
2019-01-06 00:45:00,0.0
2019-01-06 01:00:00,0.0
2019-01-06 01:15:00,0.0
2019-01-06 01:30:00,0.0
2019-01-06 01:45:00,0.0
2019-01-06 02:00:00,0.0
2019-01-06 02:15:00,0.0
2019-01-06 02:30:00,0.0
2019-01-06 02:45:00,0.0
2019-01-06 03:00:00,0.0
2019-01-06 03:15:00,0.0
2019-01-06 03:30:00,0.0
2019-01-06 03:45:00,0.0
2019-01-06 04:00:00,0.0
2019-01-06 04:15:00,0.0
2019-01-06 04:30:00,0.0
2019-01-06 04:45:00,0.0
2019-01-06 05:00:00,0.0
2019-01-06 05:15:00,0.0
2019-01-06 05:30:00,0.0
2019-01-06 05:45:00,0.0
2019-01-06 06:00:00,0.0
2019-01-06 06:15:00,0.0
2019-01-06 06:30:00,0.0
2019-01-06 06:45:00,0.0
2019-01-06 07:00:00,0.0
2019-01-06 07:15:00,0.0
2019-01-06 07:30:00,0.0
2019-01-06 07:45:00,0.0
2019-01-06 08:00:00,30.0
2019-01-06 08:15:00,159.0
2019-01-06 08:30:00,233.0
2019-01-06 08:45:00,271.0
2019-01-06 09:00:00,367.0
2019-01-06 09:15:00,667.0
2019-01-06 09:30:00,1054.0
2019-01-06 09:45:00,781.0
2019-01-06 10:00:00,950.0
2019-01-06 10:15:00,1130.0
2019-01-06 10:30:00,1388.0
2019-01-06 10:45:00,1514.0
2019-01-06 11:00:00,1355.0
2019-01-06 11:15:00,1747.0
2019-01-06 11:30:00,1698.0
2019-01-06 11:45:00,2001.0
2019-01-06 12:00:00,3369.0
2019-01-06 12:15:00,2563.0
2019-01-06 12:30:00,3885.0
2019-01-06 12:45:00,2744.0
2019-01-06 13:00:00,3529.0
2019-01-06 13:15:00,1529.0
2019-01-06 13:30:00,2990.0
2019-01-06 13:45:00,3010.0
2019-01-06 14:00:00,3932.0
2019-01-06 14:15:00,2116.0
2019-01-06 14:30:00,2311.0
2019-01-06 14:45:00,1726.0
2019-01-06 15:00:00,1286.0
2019-01-06 15:15:00,1109.0
2019-01-06 15:30:00,1288.0
2019-01-06 15:45:00,1966.0
2019-01-06 16:00:00,686.0
2019-01-06 16:15:00,327.0
2019-01-06 16:30:00,241.0
2019-01-06 16:45:00,72.0
2019-01-06 17:00:00,13.0
2019-01-06 17:15:00,0.0
2019-01-06 17:30:00,0.0
2019-01-06 17:45:00,0.0
2019-01-06 18:00:00,0.0
2019-01-06 18:15:00,0.0
2019-01-06 18:30:00,0.0
2019-01-06 18:45:00,0.0
2019-01-06 19:00:00,0.0
2019-01-06 19:15:00,0.0
2019-01-06 19:30:00,0.0
2019-01-06 19:45:00,0.0
2019-01-06 20:00:00,0.0
2019-01-06 20:15:00,0.0
2019-01-06 20:30:00,0.0
2019-01-06 20:45:00,0.0
2019-01-06 21:00:00,0.0
2019-01-06 21:15:00,0.0
2019-01-06 21:30:00,0.0
2019-01-06 21:45:00,0.0
2019-01-06 22:00:00,0.0
2019-01-06 22:15:00,0.0
2019-01-06 22:30:00,0.0
2019-01-06 22:45:00,0.0
2019-01-06 23:00:00,0.0
2019-01-06 23:15:00,0.0
2019-01-06 23:30:00,0.0
2019-01-06 23:45:00,0.0
2019-01-07 00:00:00,0.0
2019-01-07 00:15:00,0.0
2019-01-07 00:30:00,0.0
2019-01-07 00:45:00,0.0
2019-01-07 01:00:00,0.0
2019-01-07 01:15:00,0.0
2019-01-07 01:30:00,0.0
2019-01-07 01:45:00,0.0
2019-01-07 02:00:00,0.0
2019-01-07 02:15:00,0.0
2019-01-07 02:30:00,0.0
2019-01-07 02:45:00,0.0
2019-01-07 03:00:00,0.0
2019-01-07 03:15:00,0.0
2019-01-07 03:30:00,0.0
2019-01-07 03:45:00,0.0
2019-01-07 04:00:00,0.0
2019-01-07 04:15:00,0.0
2019-01-07 04:30:00,0.0
2019-01-07 04:45:00,0.0
2019-01-07 05:00:00,0.0
2019-01-07 05:15:00,0.0
2019-01-07 05:30:00,0.0
2019-01-07 05:45:00,0.0
2019-01-07 06:00:00,0.0
2019-01-07 06:15:00,0.0
2019-01-07 06:30:00,0.0
2019-01-07 06:45:00,0.0
2019-01-07 07:00:00,0.0
2019-01-07 07:15:00,0.0
2019-01-07 07:30:00,0.0
2019-01-07 07:45:00,0.0
2019-01-07 08:00:00,1.0
2019-01-07 08:15:00,89.0
2019-01-07 08:30:00,133.0
2019-01-07 08:45:00,116.0
2019-01-07 09:00:00,351.0
2019-01-07 09:15:00,431.0
2019-01-07 09:30:00,678.0
2019-01-07 09:45:00,862.0
2019-01-07 10:00:00,994.0
2019-01-07 10:15:00,1117.0
2019-01-07 10:30:00,1784.0
2019-01-07 10:45:00,1938.0
2019-01-07 11:00:00,1432.0
2019-01-07 11:15:00,1640.0
2019-01-07 11:30:00,1945.0
2019-01-07 11:45:00,1595.0
2019-01-07 12:00:00,1524.0
2019-01-07 12:15:00,2186.0
2019-01-07 12:30:00,3232.0
2019-01-07 12:45:00,2165.0
2019-01-07 13:00:00,2024.0
2019-01-07 13:15:00,2055.0
2019-01-07 13:30:00,1660.0
2019-01-07 13:45:00,1576.0
2019-01-07 14:00:00,1883.0
2019-01-07 14:15:00,1514.0
2019-01-07 14:30:00,1043.0
2019-01-07 14:45:00,1140.0
2019-01-07 15:00:00,1247.0
2019-01-07 15:15:00,868.0
2019-01-07 15:30:00,808.0
2019-01-07 15:45:00,635.0
2019-01-07 16:00:00,596.0
2019-01-07 16:15:00,336.0
2019-01-07 16:30:00,550.0
2019-01-07 16:45:00,511.0
2019-01-07 17:00:00,137.0
2019-01-07 17:15:00,11.0
2019-01-07 17:30:00,0.0
2019-01-07 17:45:00,0.0
2019-01-07 18:00:00,0.0
2019-01-07 18:15:00,0.0
2019-01-07 18:30:00,0.0
2019-01-07 18:45:00,0.0
2019-01-07 19:00:00,0.0
2019-01-07 19:15:00,0.0
2019-01-07 19:30:00,0.0
2019-01-07 19:45:00,0.0
2019-01-07 20:00:00,0.0
2019-01-07 20:15:00,0.0
2019-01-07 20:30:00,0.0
2019-01-07 20:45:00,0.0
2019-01-07 21:00:00,0.0
2019-01-07 21:15:00,0.0
2019-01-07 21:30:00,0.0
2019-01-07 21:45:00,0.0
2019-01-07 22:00:00,0.0
2019-01-07 22:15:00,0.0
2019-01-07 22:30:00,0.0
2019-01-07 22:45:00,0.0
2019-01-07 23:00:00,0.0
2019-01-07 23:15:00,0.0
2019-01-07 23:30:00,0.0
2019-01-07 23:45:00,0.0
2019-01-08 00:00:00,0.0
2019-01-08 00:15:00,0.0
2019-01-08 00:30:00,0.0
2019-01-08 00:45:00,0.0
2019-01-08 01:00:00,0.0
2019-01-08 01:15:00,0.0
2019-01-08 01:30:00,0.0
2019-01-08 01:45:00,0.0
2019-01-08 02:00:00,0.0
2019-01-08 02:15:00,0.0
2019-01-08 02:30:00,0.0
2019-01-08 02:45:00,0.0
2019-01-08 03:00:00,0.0
2019-01-08 03:15:00,0.0
2019-01-08 03:30:00,0.0
2019-01-08 03:45:00,0.0
2019-01-08 04:00:00,0.0
2019-01-08 04:15:00,0.0
2019-01-08 04:30:00,0.0
2019-01-08 04:45:00,0.0
2019-01-08 05:00:00,0.0
2019-01-08 05:15:00,0.0
2019-01-08 05:30:00,0.0
2019-01-08 05:45:00,0.0
2019-01-08 06:00:00,0.0
2019-01-08 06:15:00,0.0
2019-01-08 06:30:00,0.0
2019-01-08 06:45:00,0.0
2019-01-08 07:00:00,0.0
2019-01-08 07:15:00,0.0
2019-01-08 07:30:00,0.0
2019-01-08 07:45:00,60.0
2019-01-08 08:00:00,484.0
2019-01-08 08:15:00,902.0
2019-01-08 08:30:00,1166.0
2019-01-08 08:45:00,1587.0
2019-01-08 09:00:00,2206.0
2019-01-08 09:15:00,1851.0
2019-01-08 09:30:00,2199.0
2019-01-08 09:45:00,3492.0
2019-01-08 10:00:00,5334.0
2019-01-08 10:15:00,5217.0
2019-01-08 10:30:00,5998.0
2019-01-08 10:45:00,6463.0
2019-01-08 11:00:00,6817.0
2019-01-08 11:15:00,5997.0
2019-01-08 11:30:00,7340.0
2019-01-08 11:45:00,7088.0
2019-01-08 12:00:00,6247.0
2019-01-08 12:15:00,6290.0
2019-01-08 12:30:00,6710.0
2019-01-08 12:45:00,6591.0
2019-01-08 13:00:00,7218.0
2019-01-08 13:15:00,7399.0
2019-01-08 13:30:00,6994.0
2019-01-08 13:45:00,6912.0
2019-01-08 14:00:00,6643.0
2019-01-08 14:15:00,6832.0
2019-01-08 14:30:00,6614.0
2019-01-08 14:45:00,7273.0
2019-01-08 15:00:00,4668.0
2019-01-08 15:15:00,3965.0
2019-01-08 15:30:00,4083.0
2019-01-08 15:45:00,2715.0
2019-01-08 16:00:00,2524.0
2019-01-08 16:15:00,1767.0
2019-01-08 16:30:00,1567.0
2019-01-08 16:45:00,1228.0
2019-01-08 17:00:00,521.0
2019-01-08 17:15:00,72.0
2019-01-08 17:30:00,0.0
2019-01-08 17:45:00,0.0
2019-01-08 18:00:00,0.0
2019-01-08 18:15:00,0.0
2019-01-08 18:30:00,0.0
2019-01-08 18:45:00,0.0
2019-01-08 19:00:00,0.0
2019-01-08 19:15:00,0.0
2019-01-08 19:30:00,0.0
2019-01-08 19:45:00,0.0
2019-01-08 20:00:00,0.0
2019-01-08 20:15:00,0.0
2019-01-08 20:30:00,0.0
2019-01-08 20:45:00,0.0
2019-01-08 21:00:00,0.0
2019-01-08 21:15:00,0.0
2019-01-08 21:30:00,0.0
2019-01-08 21:45:00,0.0
2019-01-08 22:00:00,0.0
2019-01-08 22:15:00,0.0
2019-01-08 22:30:00,0.0
2019-01-08 22:45:00,0.0
2019-01-08 23:00:00,0.0
2019-01-08 23:15:00,0.0
2019-01-08 23:30:00,0.0
2019-01-08 23:45:00,0.0
2019-01-09 00:00:00,0.0
2019-01-09 00:15:00,0.0
2019-01-09 00:30:00,0.0
2019-01-09 00:45:00,0.0
2019-01-09 01:00:00,0.0
2019-01-09 01:15:00,0.0
2019-01-09 01:30:00,0.0
2019-01-09 01:45:00,0.0
2019-01-09 02:00:00,0.0
2019-01-09 02:15:00,0.0
2019-01-09 02:30:00,0.0
2019-01-09 02:45:00,0.0
2019-01-09 03:00:00,0.0
2019-01-09 03:15:00,0.0
2019-01-09 03:30:00,0.0
2019-01-09 03:45:00,0.0
2019-01-09 04:00:00,0.0
2019-01-09 04:15:00,0.0
2019-01-09 04:30:00,0.0
2019-01-09 04:45:00,0.0
2019-01-09 05:00:00,0.0
2019-01-09 05:15:00,0.0
2019-01-09 05:30:00,0.0
2019-01-09 05:45:00,0.0
2019-01-09 06:00:00,0.0
2019-01-09 06:15:00,0.0
2019-01-09 06:30:00,0.0
2019-01-09 06:45:00,0.0
2019-01-09 07:00:00,0.0
2019-01-09 07:15:00,0.0
2019-01-09 07:30:00,0.0
2019-01-09 07:45:00,7.0
2019-01-09 08:00:00,259.0
2019-01-09 08:15:00,742.0
2019-01-09 08:30:00,1388.0
2019-01-09 08:45:00,2242.0
2019-01-09 09:00:00,2466.0
2019-01-09 09:15:00,2467.0
2019-01-09 09:30:00,2685.0
2019-01-09 09:45:00,3367.0
2019-01-09 10:00:00,3693.0
2019-01-09 10:15:00,4770.0
2019-01-09 10:30:00,5302.0
2019-01-09 10:45:00,5011.0
2019-01-09 11:00:00,4661.0
2019-01-09 11:15:00,6653.0
2019-01-09 11:30:00,6418.0
2019-01-09 11:45:00,6014.0
2019-01-09 12:00:00,5913.0
2019-01-09 12:15:00,5507.0
2019-01-09 12:30:00,6637.0
2019-01-09 12:45:00,5763.0
2019-01-09 13:00:00,7532.0
2019-01-09 13:15:00,7304.0
2019-01-09 13:30:00,7890.0
2019-01-09 13:45:00,9151.0
2019-01-09 14:00:00,8623.0
2019-01-09 14:15:00,8071.0
2019-01-09 14:30:00,7736.0
2019-01-09 14:45:00,7325.0
2019-01-09 15:00:00,3086.0
2019-01-09 15:15:00,6253.0
2019-01-09 15:30:00,5668.0
2019-01-09 15:45:00,4979.0
2019-01-09 16:00:00,4136.0
2019-01-09 16:15:00,3345.0
2019-01-09 16:30:00,2527.0
2019-01-09 16:45:00,1732.0
2019-01-09 17:00:00,983.0
2019-01-09 17:15:00,273.0
2019-01-09 17:30:00,0.0
2019-01-09 17:45:00,0.0
2019-01-09 18:00:00,0.0
2019-01-09 18:15:00,0.0
2019-01-09 18:30:00,0.0
2019-01-09 18:45:00,0.0
2019-01-09 19:00:00,0.0
2019-01-09 19:15:00,0.0
2019-01-09 19:30:00,0.0
2019-01-09 19:45:00,0.0
2019-01-09 20:00:00,0.0
2019-01-09 20:15:00,0.0
2019-01-09 20:30:00,0.0
2019-01-09 20:45:00,0.0
2019-01-09 21:00:00,0.0
2019-01-09 21:15:00,0.0
2019-01-09 21:30:00,0.0
2019-01-09 21:45:00,0.0
2019-01-09 22:00:00,0.0
2019-01-09 22:15:00,0.0
2019-01-09 22:30:00,0.0
2019-01-09 22:45:00,0.0
2019-01-09 23:00:00,0.0
2019-01-09 23:15:00,0.0
2019-01-09 23:30:00,0.0
2019-01-09 23:45:00,0.0
2019-01-10 00:00:00,0.0
2019-01-10 00:15:00,0.0
2019-01-10 00:30:00,0.0
2019-01-10 00:45:00,0.0
2019-01-10 01:00:00,0.0
2019-01-10 01:15:00,0.0
2019-01-10 01:30:00,0.0
2019-01-10 01:45:00,0.0
2019-01-10 02:00:00,0.0
2019-01-10 02:15:00,0.0
2019-01-10 02:30:00,0.0
2019-01-10 02:45:00,0.0
2019-01-10 03:00:00,0.0
2019-01-10 03:15:00,0.0
2019-01-10 03:30:00,0.0
2019-01-10 03:45:00,0.0
2019-01-10 04:00:00,0.0
2019-01-10 04:15:00,0.0
2019-01-10 04:30:00,0.0
2019-01-10 04:45:00,0.0
2019-01-10 05:00:00,0.0
2019-01-10 05:15:00,0.0
2019-01-10 05:30:00,0.0
2019-01-10 05:45:00,0.0
2019-01-10 06:00:00,0.0
2019-01-10 06:15:00,0.0
2019-01-10 06:30:00,0.0
2019-01-10 06:45:00,0.0
2019-01-10 07:00:00,0.0
2019-01-10 07:15:00,0.0
2019-01-10 07:30:00,0.0
2019-01-10 07:45:00,0.0
2019-01-10 08:00:00,149.0
2019-01-10 08:15:00,556.0
2019-01-10 08:30:00,1658.0
2019-01-10 08:45:00,1832.0
2019-01-10 09:00:00,2013.0
2019-01-10 09:15:00,1944.0
2019-01-10 09:30:00,3541.0
2019-01-10 09:45:00,4376.0
2019-01-10 10:00:00,5096.0
2019-01-10 10:15:00,5667.0
2019-01-10 10:30:00,6204.0
2019-01-10 10:45:00,6692.0
2019-01-10 11:00:00,7212.0
2019-01-10 11:15:00,7623.0
2019-01-10 11:30:00,8044.0
2019-01-10 11:45:00,8390.0
2019-01-10 12:00:00,8221.0
2019-01-10 12:15:00,8712.0
2019-01-10 12:30:00,6962.0
2019-01-10 12:45:00,8713.0
2019-01-10 13:00:00,7316.0
2019-01-10 13:15:00,4706.0
2019-01-10 13:30:00,4382.0
2019-01-10 13:45:00,6238.0
2019-01-10 14:00:00,8060.0
2019-01-10 14:15:00,6330.0
2019-01-10 14:30:00,7494.0
2019-01-10 14:45:00,5231.0
2019-01-10 15:00:00,6790.0
2019-01-10 15:15:00,6141.0
2019-01-10 15:30:00,5495.0
2019-01-10 15:45:00,4795.0
2019-01-10 16:00:00,3992.0
2019-01-10 16:15:00,3318.0
2019-01-10 16:30:00,2513.0
2019-01-10 16:45:00,1720.0
2019-01-10 17:00:00,894.0
2019-01-10 17:15:00,102.0
2019-01-10 17:30:00,2.0
2019-01-10 17:45:00,0.0
2019-01-10 18:00:00,0.0
2019-01-10 18:15:00,0.0
2019-01-10 18:30:00,0.0
2019-01-10 18:45:00,0.0
2019-01-10 19:00:00,0.0
2019-01-10 19:15:00,0.0
2019-01-10 19:30:00,0.0
2019-01-10 19:45:00,0.0
2019-01-10 20:00:00,0.0
2019-01-10 20:15:00,0.0
2019-01-10 20:30:00,0.0
2019-01-10 20:45:00,0.0
2019-01-10 21:00:00,0.0
2019-01-10 21:15:00,0.0
2019-01-10 21:30:00,0.0
2019-01-10 21:45:00,0.0
2019-01-10 22:00:00,0.0
2019-01-10 22:15:00,0.0
2019-01-10 22:30:00,0.0
2019-01-10 22:45:00,0.0
2019-01-10 23:00:00,0.0
2019-01-10 23:15:00,0.0
2019-01-10 23:30:00,0.0
2019-01-10 23:45:00,0.0
2019-01-11 00:00:00,0.0
2019-01-11 00:15:00,0.0
2019-01-11 00:30:00,0.0
2019-01-11 00:45:00,0.0
2019-01-11 01:00:00,0.0
2019-01-11 01:15:00,0.0
2019-01-11 01:30:00,0.0
2019-01-11 01:45:00,0.0
2019-01-11 02:00:00,0.0
2019-01-11 02:15:00,0.0
2019-01-11 02:30:00,0.0
2019-01-11 02:45:00,0.0
2019-01-11 03:00:00,0.0
2019-01-11 03:15:00,0.0
2019-01-11 03:30:00,0.0
2019-01-11 03:45:00,0.0
2019-01-11 04:00:00,0.0
2019-01-11 04:15:00,0.0
2019-01-11 04:30:00,0.0
2019-01-11 04:45:00,0.0
2019-01-11 05:00:00,0.0
2019-01-11 05:15:00,0.0
2019-01-11 05:30:00,0.0
2019-01-11 05:45:00,0.0
2019-01-11 06:00:00,0.0
2019-01-11 06:15:00,0.0
2019-01-11 06:30:00,0.0
2019-01-11 06:45:00,0.0
2019-01-11 07:00:00,0.0
2019-01-11 07:15:00,0.0
2019-01-11 07:30:00,0.0
2019-01-11 07:45:00,20.0
2019-01-11 08:00:00,315.0
2019-01-11 08:15:00,799.0
2019-01-11 08:30:00,1269.0
2019-01-11 08:45:00,1826.0
2019-01-11 09:00:00,2490.0
2019-01-11 09:15:00,3159.0
2019-01-11 09:30:00,3903.0
2019-01-11 09:45:00,4645.0
2019-01-11 10:00:00,5286.0
2019-01-11 10:15:00,5860.0
2019-01-11 10:30:00,6452.0
2019-01-11 10:45:00,6957.0
2019-01-11 11:00:00,7477.0
2019-01-11 11:15:00,7834.0
2019-01-11 11:30:00,8202.0
2019-01-11 11:45:00,8499.0
2019-01-11 12:00:00,8696.0
2019-01-11 12:15:00,8888.0
2019-01-11 12:30:00,9143.0
2019-01-11 12:45:00,9163.0
2019-01-11 13:00:00,9151.0
2019-01-11 13:15:00,9085.0
2019-01-11 13:30:00,9034.0
2019-01-11 13:45:00,8802.0
2019-01-11 14:00:00,8544.0
2019-01-11 14:15:00,8222.0
2019-01-11 14:30:00,7699.0
2019-01-11 14:45:00,7438.0
2019-01-11 15:00:00,6936.0
2019-01-11 15:15:00,6393.0
2019-01-11 15:30:00,5774.0
2019-01-11 15:45:00,5088.0
2019-01-11 16:00:00,4355.0
2019-01-11 16:15:00,3538.0
2019-01-11 16:30:00,2685.0
2019-01-11 16:45:00,1856.0
2019-01-11 17:00:00,1028.0
2019-01-11 17:15:00,68.0
2019-01-11 17:30:00,0.0
2019-01-11 17:45:00,0.0
2019-01-11 18:00:00,0.0
2019-01-11 18:15:00,0.0
2019-01-11 18:30:00,0.0
2019-01-11 18:45:00,0.0
2019-01-11 19:00:00,0.0
2019-01-11 19:15:00,0.0
2019-01-11 19:30:00,0.0
2019-01-11 19:45:00,0.0
2019-01-11 20:00:00,0.0
2019-01-11 20:15:00,0.0
2019-01-11 20:30:00,0.0
2019-01-11 20:45:00,0.0
2019-01-11 21:00:00,0.0
2019-01-11 21:15:00,0.0
2019-01-11 21:30:00,0.0
2019-01-11 21:45:00,0.0
2019-01-11 22:00:00,0.0
2019-01-11 22:15:00,0.0
2019-01-11 22:30:00,0.0
2019-01-11 22:45:00,0.0
2019-01-11 23:00:00,0.0
2019-01-11 23:15:00,0.0
2019-01-11 23:30:00,0.0
2019-01-11 23:45:00,0.0
2019-01-12 00:00:00,0.0
2019-01-12 00:15:00,0.0
2019-01-12 00:30:00,0.0
2019-01-12 00:45:00,0.0
2019-01-12 01:00:00,0.0
2019-01-12 01:15:00,0.0
2019-01-12 01:30:00,0.0
2019-01-12 01:45:00,0.0
2019-01-12 02:00:00,0.0
2019-01-12 02:15:00,0.0
2019-01-12 02:30:00,0.0
2019-01-12 02:45:00,0.0
2019-01-12 03:00:00,0.0
2019-01-12 03:15:00,0.0
2019-01-12 03:30:00,0.0
2019-01-12 03:45:00,0.0
2019-01-12 04:00:00,0.0
2019-01-12 04:15:00,0.0
2019-01-12 04:30:00,0.0
2019-01-12 04:45:00,0.0
2019-01-12 05:00:00,0.0
2019-01-12 05:15:00,0.0
2019-01-12 05:30:00,0.0
2019-01-12 05:45:00,0.0
2019-01-12 06:00:00,0.0
2019-01-12 06:15:00,0.0
2019-01-12 06:30:00,0.0
2019-01-12 06:45:00,0.0
2019-01-12 07:00:00,0.0
2019-01-12 07:15:00,0.0
2019-01-12 07:30:00,0.0
2019-01-12 07:45:00,17.0
2019-01-12 08:00:00,239.0
2019-01-12 08:15:00,904.0
2019-01-12 08:30:00,940.0
2019-01-12 08:45:00,1244.0
2019-01-12 09:00:00,1599.0
2019-01-12 09:15:00,1972.0
2019-01-12 09:30:00,1785.0
2019-01-12 09:45:00,2215.0
2019-01-12 10:00:00,3103.0
2019-01-12 10:15:00,1638.0
2019-01-12 10:30:00,3152.0
2019-01-12 10:45:00,7033.0
2019-01-12 11:00:00,8452.0
2019-01-12 11:15:00,8336.0
2019-01-12 11:30:00,8151.0
2019-01-12 11:45:00,8826.0
2019-01-12 12:00:00,9178.0
2019-01-12 12:15:00,9378.0
2019-01-12 12:30:00,9539.0
2019-01-12 12:45:00,9642.0
2019-01-12 13:00:00,9621.0
2019-01-12 13:15:00,9669.0
2019-01-12 13:30:00,9572.0
2019-01-12 13:45:00,7477.0
2019-01-12 14:00:00,5358.0
2019-01-12 14:15:00,2347.0
2019-01-12 14:30:00,3137.0
2019-01-12 14:45:00,3332.0
2019-01-12 15:00:00,2700.0
2019-01-12 15:15:00,3749.0
2019-01-12 15:30:00,3672.0
2019-01-12 15:45:00,3820.0
2019-01-12 16:00:00,4146.0
2019-01-12 16:15:00,3915.0
2019-01-12 16:30:00,2903.0
2019-01-12 16:45:00,1968.0
2019-01-12 17:00:00,730.0
2019-01-12 17:15:00,48.0
2019-01-12 17:30:00,0.0
2019-01-12 17:45:00,0.0
2019-01-12 18:00:00,
2019-01-12 18:15:00,
2019-01-12 18:30:00,
2019-01-12 18:45:00,
2019-01-12 19:00:00,
2019-01-12 19:15:00,
2019-01-12 19:30:00,0.0
2019-01-12 19:45:00,0.0
2019-01-12 20:00:00,
2019-01-12 20:15:00,
2019-01-12 20:30:00,
2019-01-12 20:45:00,
2019-01-12 21:00:00,
2019-01-12 21:15:00,
2019-01-12 21:30:00,
2019-01-12 21:45:00,
2019-01-12 22:00:00,
2019-01-12 22:15:00,
2019-01-12 22:30:00,
2019-01-12 22:45:00,
2019-01-12 23:00:00,
2019-01-12 23:15:00,
2019-01-12 23:30:00,
2019-01-12 23:45:00,
2019-01-13 00:00:00,
2019-01-13 00:15:00,
2019-01-13 00:30:00,
2019-01-13 00:45:00,
2019-01-13 01:00:00,
2019-01-13 01:15:00,
2019-01-13 01:30:00,
2019-01-13 01:45:00,
2019-01-13 02:00:00,
2019-01-13 02:15:00,
2019-01-13 02:30:00,
2019-01-13 02:45:00,
2019-01-13 03:00:00,
2019-01-13 03:15:00,
2019-01-13 03:30:00,
2019-01-13 03:45:00,
2019-01-13 04:00:00,
2019-01-13 04:15:00,
2019-01-13 04:30:00,
2019-01-13 04:45:00,
2019-01-13 05:00:00,
2019-01-13 05:15:00,
2019-01-13 05:30:00,0.0
2019-01-13 05:45:00,0.0
2019-01-13 06:00:00,
2019-01-13 06:15:00,
2019-01-13 06:30:00,
2019-01-13 06:45:00,
2019-01-13 07:00:00,
2019-01-13 07:15:00,
2019-01-13 07:30:00,0.0
2019-01-13 07:45:00,15.0
2019-01-13 08:00:00,276.0
2019-01-13 08:15:00,745.0
2019-01-13 08:30:00,1246.0
2019-01-13 08:45:00,1805.0
2019-01-13 09:00:00,2448.0
2019-01-13 09:15:00,3128.0
2019-01-13 09:30:00,3827.0
2019-01-13 09:45:00,4531.0
2019-01-13 10:00:00,5173.0
2019-01-13 10:15:00,5744.0
2019-01-13 10:30:00,6370.0
2019-01-13 10:45:00,6942.0
2019-01-13 11:00:00,6904.0
2019-01-13 11:15:00,7970.0
2019-01-13 11:30:00,9253.0
2019-01-13 11:45:00,8334.0
2019-01-13 12:00:00,9330.0
2019-01-13 12:15:00,9245.0
2019-01-13 12:30:00,9548.0
2019-01-13 12:45:00,9610.0
2019-01-13 13:00:00,9511.0
2019-01-13 13:15:00,9439.0
2019-01-13 13:30:00,9271.0
2019-01-13 13:45:00,9091.0
2019-01-13 14:00:00,9246.0
2019-01-13 14:15:00,9226.0
2019-01-13 14:30:00,8729.0
2019-01-13 14:45:00,6791.0
2019-01-13 15:00:00,7320.0
2019-01-13 15:15:00,5577.0
2019-01-13 15:30:00,4970.0
2019-01-13 15:45:00,4089.0
2019-01-13 16:00:00,3224.0
2019-01-13 16:15:00,1154.0
2019-01-13 16:30:00,856.0
2019-01-13 16:45:00,726.0
2019-01-13 17:00:00,306.0
2019-01-13 17:15:00,95.0
2019-01-13 17:30:00,0.0
2019-01-13 17:45:00,0.0
2019-01-13 18:00:00,0.0
2019-01-13 18:15:00,0.0
2019-01-13 18:30:00,0.0
2019-01-13 18:45:00,0.0
2019-01-13 19:00:00,0.0
2019-01-13 19:15:00,0.0
2019-01-13 19:30:00,0.0
2019-01-13 19:45:00,0.0
2019-01-13 20:00:00,0.0
2019-01-13 20:15:00,0.0
2019-01-13 20:30:00,0.0
2019-01-13 20:45:00,0.0
2019-01-13 21:00:00,0.0
2019-01-13 21:15:00,0.0
2019-01-13 21:30:00,0.0
2019-01-13 21:45:00,0.0
2019-01-13 22:00:00,0.0
2019-01-13 22:15:00,0.0
2019-01-13 22:30:00,0.0
2019-01-13 22:45:00,0.0
2019-01-13 23:00:00,0.0
2019-01-13 23:15:00,0.0
2019-01-13 23:30:00,0.0
2019-01-13 23:45:00,0.0
2019-01-14 00:00:00,0.0
2019-01-14 00:15:00,0.0
2019-01-14 00:30:00,0.0
2019-01-14 00:45:00,0.0
2019-01-14 01:00:00,0.0
2019-01-14 01:15:00,0.0
2019-01-14 01:30:00,0.0
2019-01-14 01:45:00,0.0
2019-01-14 02:00:00,0.0
2019-01-14 02:15:00,0.0
2019-01-14 02:30:00,0.0
2019-01-14 02:45:00,0.0
2019-01-14 03:00:00,0.0
2019-01-14 03:15:00,0.0
2019-01-14 03:30:00,0.0
2019-01-14 03:45:00,0.0
2019-01-14 04:00:00,0.0
2019-01-14 04:15:00,0.0
2019-01-14 04:30:00,0.0
2019-01-14 04:45:00,0.0
2019-01-14 05:00:00,0.0
2019-01-14 05:15:00,0.0
2019-01-14 05:30:00,0.0
2019-01-14 05:45:00,0.0
2019-01-14 06:00:00,0.0
2019-01-14 06:15:00,0.0
2019-01-14 06:30:00,0.0
2019-01-14 06:45:00,0.0
2019-01-14 07:00:00,0.0
2019-01-14 07:15:00,0.0
2019-01-14 07:30:00,0.0
2019-01-14 07:45:00,9.0
2019-01-14 08:00:00,250.0
2019-01-14 08:15:00,727.0
2019-01-14 08:30:00,1220.0
2019-01-14 08:45:00,1953.0
2019-01-14 09:00:00,2479.0
2019-01-14 09:15:00,3190.0
2019-01-14 09:30:00,3951.0
2019-01-14 09:45:00,3841.0
2019-01-14 10:00:00,6297.0
2019-01-14 10:15:00,6492.0
2019-01-14 10:30:00,3308.0
2019-01-14 10:45:00,3086.0
2019-01-14 11:00:00,4136.0
2019-01-14 11:15:00,5609.0
2019-01-14 11:30:00,4795.0
2019-01-14 11:45:00,6342.0
2019-01-14 12:00:00,6474.0
2019-01-14 12:15:00,6635.0
2019-01-14 12:30:00,5613.0
2019-01-14 12:45:00,5545.0
2019-01-14 13:00:00,3247.0
2019-01-14 13:15:00,3592.0
2019-01-14 13:30:00,4043.0
2019-01-14 13:45:00,4624.0
2019-01-14 14:00:00,4231.0
2019-01-14 14:15:00,3910.0
2019-01-14 14:30:00,6224.0
2019-01-14 14:45:00,3706.0
2019-01-14 15:00:00,2459.0
2019-01-14 15:15:00,2083.0
2019-01-14 15:30:00,2123.0
2019-01-14 15:45:00,2305.0
2019-01-14 16:00:00,1767.0
2019-01-14 16:15:00,776.0
2019-01-14 16:30:00,367.0
2019-01-14 16:45:00,470.0
2019-01-14 17:00:00,215.0
2019-01-14 17:15:00,61.0
2019-01-14 17:30:00,0.0
2019-01-14 17:45:00,0.0
2019-01-14 18:00:00,0.0
2019-01-14 18:15:00,0.0
2019-01-14 18:30:00,0.0
2019-01-14 18:45:00,0.0
2019-01-14 19:00:00,0.0
2019-01-14 19:15:00,0.0
2019-01-14 19:30:00,0.0
2019-01-14 19:45:00,0.0
2019-01-14 20:00:00,0.0
2019-01-14 20:15:00,0.0
2019-01-14 20:30:00,0.0
2019-01-14 20:45:00,0.0
2019-01-14 21:00:00,0.0
2019-01-14 21:15:00,0.0
2019-01-14 21:30:00,0.0
2019-01-14 21:45:00,0.0
2019-01-14 22:00:00,0.0
2019-01-14 22:15:00,0.0
2019-01-14 22:30:00,0.0
2019-01-14 22:45:00,0.0
2019-01-14 23:00:00,0.0
2019-01-14 23:15:00,0.0
2019-01-14 23:30:00,0.0
2019-01-14 23:45:00,0.0
2019-01-15 00:00:00,0.0
2019-01-15 00:15:00,0.0
2019-01-15 00:30:00,0.0
2019-01-15 00:45:00,0.0
2019-01-15 01:00:00,0.0
2019-01-15 01:15:00,0.0
2019-01-15 01:30:00,0.0
2019-01-15 01:45:00,0.0
2019-01-15 02:00:00,0.0
2019-01-15 02:15:00,0.0
2019-01-15 02:30:00,0.0
2019-01-15 02:45:00,0.0
2019-01-15 03:00:00,0.0
2019-01-15 03:15:00,0.0
2019-01-15 03:30:00,0.0
2019-01-15 03:45:00,0.0
2019-01-15 04:00:00,0.0
2019-01-15 04:15:00,0.0
2019-01-15 04:30:00,0.0
2019-01-15 04:45:00,0.0
2019-01-15 05:00:00,0.0
2019-01-15 05:15:00,0.0
2019-01-15 05:30:00,0.0
2019-01-15 05:45:00,0.0
2019-01-15 06:00:00,0.0
2019-01-15 06:15:00,0.0
2019-01-15 06:30:00,0.0
2019-01-15 06:45:00,0.0
2019-01-15 07:00:00,0.0
2019-01-15 07:15:00,0.0
2019-01-15 07:30:00,0.0
2019-01-15 07:45:00,0.0
2019-01-15 08:00:00,12.0
2019-01-15 08:15:00,43.0
2019-01-15 08:30:00,266.0
2019-01-15 08:45:00,386.0
2019-01-15 09:00:00,505.0
2019-01-15 09:15:00,386.0
2019-01-15 09:30:00,286.0
2019-01-15 09:45:00,602.0
2019-01-15 10:00:00,828.0
2019-01-15 10:15:00,822.0
2019-01-15 10:30:00,1143.0
2019-01-15 10:45:00,1391.0
2019-01-15 11:00:00,1867.0
2019-01-15 11:15:00,2194.0
2019-01-15 11:30:00,2209.0
2019-01-15 11:45:00,2000.0
2019-01-15 12:00:00,2252.0
2019-01-15 12:15:00,2316.0
2019-01-15 12:30:00,1621.0
2019-01-15 12:45:00,1325.0
2019-01-15 13:00:00,1644.0
2019-01-15 13:15:00,1772.0
2019-01-15 13:30:00,1505.0
2019-01-15 13:45:00,1551.0
2019-01-15 14:00:00,1498.0
2019-01-15 14:15:00,1287.0
2019-01-15 14:30:00,1258.0
2019-01-15 14:45:00,1133.0
2019-01-15 15:00:00,977.0
2019-01-15 15:15:00,887.0
2019-01-15 15:30:00,941.0
2019-01-15 15:45:00,749.0
2019-01-15 16:00:00,704.0
2019-01-15 16:15:00,513.0
2019-01-15 16:30:00,435.0
2019-01-15 16:45:00,291.0
2019-01-15 17:00:00,98.0
2019-01-15 17:15:00,7.0
2019-01-15 17:30:00,0.0
2019-01-15 17:45:00,0.0
2019-01-15 18:00:00,0.0
2019-01-15 18:15:00,0.0
2019-01-15 18:30:00,0.0
2019-01-15 18:45:00,0.0
2019-01-15 19:00:00,0.0
2019-01-15 19:15:00,0.0
2019-01-15 19:30:00,0.0
2019-01-15 19:45:00,0.0
2019-01-15 20:00:00,0.0
2019-01-15 20:15:00,0.0
2019-01-15 20:30:00,0.0
2019-01-15 20:45:00,0.0
2019-01-15 21:00:00,0.0
2019-01-15 21:15:00,0.0
2019-01-15 21:30:00,0.0
2019-01-15 21:45:00,0.0
2019-01-15 22:00:00,0.0
2019-01-15 22:15:00,0.0
2019-01-15 22:30:00,0.0
2019-01-15 22:45:00,0.0
2019-01-15 23:00:00,0.0
2019-01-15 23:15:00,0.0
2019-01-15 23:30:00,0.0
2019-01-15 23:45:00,0.0
2019-01-16 00:00:00,0.0
2019-01-16 00:15:00,0.0
2019-01-16 00:30:00,0.0
2019-01-16 00:45:00,0.0
2019-01-16 01:00:00,0.0
2019-01-16 01:15:00,0.0
2019-01-16 01:30:00,0.0
2019-01-16 01:45:00,0.0
2019-01-16 02:00:00,0.0
2019-01-16 02:15:00,0.0
2019-01-16 02:30:00,0.0
2019-01-16 02:45:00,0.0
2019-01-16 03:00:00,0.0
2019-01-16 03:15:00,0.0
2019-01-16 03:30:00,0.0
2019-01-16 03:45:00,0.0
2019-01-16 04:00:00,0.0
2019-01-16 04:15:00,0.0
2019-01-16 04:30:00,0.0
2019-01-16 04:45:00,0.0
2019-01-16 05:00:00,0.0
2019-01-16 05:15:00,0.0
2019-01-16 05:30:00,0.0
2019-01-16 05:45:00,0.0
2019-01-16 06:00:00,0.0
2019-01-16 06:15:00,0.0
2019-01-16 06:30:00,0.0
2019-01-16 06:45:00,0.0
2019-01-16 07:00:00,0.0
2019-01-16 07:15:00,0.0
2019-01-16 07:30:00,0.0
2019-01-16 07:45:00,0.0
2019-01-16 08:00:00,81.0
2019-01-16 08:15:00,227.0
2019-01-16 08:30:00,474.0
2019-01-16 08:45:00,1003.0
2019-01-16 09:00:00,757.0
2019-01-16 09:15:00,1324.0
2019-01-16 09:30:00,2349.0
2019-01-16 09:45:00,3305.0
2019-01-16 10:00:00,2586.0
2019-01-16 10:15:00,2827.0
2019-01-16 10:30:00,3446.0
2019-01-16 10:45:00,2549.0
2019-01-16 11:00:00,2203.0
2019-01-16 11:15:00,2563.0
2019-01-16 11:30:00,2616.0
2019-01-16 11:45:00,2139.0
2019-01-16 12:00:00,3759.0
2019-01-16 12:15:00,3574.0
2019-01-16 12:30:00,4740.0
2019-01-16 12:45:00,5212.0
2019-01-16 13:00:00,5351.0
2019-01-16 13:15:00,2987.0
2019-01-16 13:30:00,3043.0
2019-01-16 13:45:00,2382.0
2019-01-16 14:00:00,4009.0
2019-01-16 14:15:00,3067.0
2019-01-16 14:30:00,3732.0
2019-01-16 14:45:00,6943.0
2019-01-16 15:00:00,6171.0
2019-01-16 15:15:00,6155.0
2019-01-16 15:30:00,3819.0
2019-01-16 15:45:00,2160.0
2019-01-16 16:00:00,2060.0
2019-01-16 16:15:00,2132.0
2019-01-16 16:30:00,1854.0
2019-01-16 16:45:00,1141.0
2019-01-16 17:00:00,504.0
2019-01-16 17:15:00,165.0
2019-01-16 17:30:00,3.0
2019-01-16 17:45:00,0.0
2019-01-16 18:00:00,0.0
2019-01-16 18:15:00,0.0
2019-01-16 18:30:00,0.0
2019-01-16 18:45:00,0.0
2019-01-16 19:00:00,0.0
2019-01-16 19:15:00,0.0
2019-01-16 19:30:00,0.0
2019-01-16 19:45:00,0.0
2019-01-16 20:00:00,0.0
2019-01-16 20:15:00,0.0
2019-01-16 20:30:00,0.0
2019-01-16 20:45:00,0.0
2019-01-16 21:00:00,0.0
2019-01-16 21:15:00,0.0
2019-01-16 21:30:00,0.0
2019-01-16 21:45:00,0.0
2019-01-16 22:00:00,0.0
2019-01-16 22:15:00,0.0
2019-01-16 22:30:00,0.0
2019-01-16 22:45:00,0.0
2019-01-16 23:00:00,0.0
2019-01-16 23:15:00,0.0
2019-01-16 23:30:00,0.0
2019-01-16 23:45:00,0.0
2019-01-17 00:00:00,0.0
2019-01-17 00:15:00,0.0
2019-01-17 00:30:00,0.0
2019-01-17 00:45:00,0.0
2019-01-17 01:00:00,0.0
2019-01-17 01:15:00,0.0
2019-01-17 01:30:00,0.0
2019-01-17 01:45:00,0.0
2019-01-17 02:00:00,0.0
2019-01-17 02:15:00,0.0
2019-01-17 02:30:00,0.0
2019-01-17 02:45:00,0.0
2019-01-17 03:00:00,0.0
2019-01-17 03:15:00,0.0
2019-01-17 03:30:00,0.0
2019-01-17 03:45:00,0.0
2019-01-17 04:00:00,0.0
2019-01-17 04:15:00,0.0
2019-01-17 04:30:00,0.0
2019-01-17 04:45:00,0.0
2019-01-17 05:00:00,0.0
2019-01-17 05:15:00,0.0
2019-01-17 05:30:00,0.0
2019-01-17 05:45:00,0.0
2019-01-17 06:00:00,0.0
2019-01-17 06:15:00,0.0
2019-01-17 06:30:00,0.0
2019-01-17 06:45:00,0.0
2019-01-17 07:00:00,0.0
2019-01-17 07:15:00,0.0
2019-01-17 07:30:00,0.0
2019-01-17 07:45:00,23.0
2019-01-17 08:00:00,143.0
2019-01-17 08:15:00,178.0
2019-01-17 08:30:00,254.0
2019-01-17 08:45:00,778.0
2019-01-17 09:00:00,923.0
2019-01-17 09:15:00,911.0
2019-01-17 09:30:00,693.0
2019-01-17 09:45:00,499.0
2019-01-17 10:00:00,1013.0
2019-01-17 10:15:00,1268.0
2019-01-17 10:30:00,1609.0
2019-01-17 10:45:00,1240.0
2019-01-17 11:00:00,859.0
2019-01-17 11:15:00,642.0
2019-01-17 11:30:00,697.0
2019-01-17 11:45:00,862.0
2019-01-17 12:00:00,592.0
2019-01-17 12:15:00,729.0
2019-01-17 12:30:00,817.0
2019-01-17 12:45:00,453.0
2019-01-17 13:00:00,423.0
2019-01-17 13:15:00,378.0
2019-01-17 13:30:00,396.0
2019-01-17 13:45:00,343.0
2019-01-17 14:00:00,1182.0
2019-01-17 14:15:00,1183.0
2019-01-17 14:30:00,1158.0
2019-01-17 14:45:00,629.0
2019-01-17 15:00:00,799.0
2019-01-17 15:15:00,598.0
2019-01-17 15:30:00,373.0
2019-01-17 15:45:00,284.0
2019-01-17 16:00:00,227.0
2019-01-17 16:15:00,102.0
2019-01-17 16:30:00,132.0
2019-01-17 16:45:00,25.0
2019-01-17 17:00:00,0.0
2019-01-17 17:15:00,0.0
2019-01-17 17:30:00,0.0
2019-01-17 17:45:00,0.0
2019-01-17 18:00:00,0.0
2019-01-17 18:15:00,0.0
2019-01-17 18:30:00,0.0
2019-01-17 18:45:00,0.0
2019-01-17 19:00:00,0.0
2019-01-17 19:15:00,0.0
2019-01-17 19:30:00,0.0
2019-01-17 19:45:00,0.0
2019-01-17 20:00:00,0.0
2019-01-17 20:15:00,0.0
2019-01-17 20:30:00,0.0
2019-01-17 20:45:00,0.0
2019-01-17 21:00:00,0.0
2019-01-17 21:15:00,0.0
2019-01-17 21:30:00,0.0
2019-01-17 21:45:00,0.0
2019-01-17 22:00:00,0.0
2019-01-17 22:15:00,0.0
2019-01-17 22:30:00,0.0
2019-01-17 22:45:00,0.0
2019-01-17 23:00:00,0.0
2019-01-17 23:15:00,0.0
2019-01-17 23:30:00,0.0
2019-01-17 23:45:00,0.0
2019-01-18 00:00:00,0.0
2019-01-18 00:15:00,0.0
2019-01-18 00:30:00,0.0
2019-01-18 00:45:00,0.0
2019-01-18 01:00:00,0.0
2019-01-18 01:15:00,0.0
2019-01-18 01:30:00,0.0
2019-01-18 01:45:00,0.0
2019-01-18 02:00:00,0.0
2019-01-18 02:15:00,0.0
2019-01-18 02:30:00,0.0
2019-01-18 02:45:00,0.0
2019-01-18 03:00:00,0.0
2019-01-18 03:15:00,0.0
2019-01-18 03:30:00,0.0
2019-01-18 03:45:00,0.0
2019-01-18 04:00:00,0.0
2019-01-18 04:15:00,0.0
2019-01-18 04:30:00,0.0
2019-01-18 04:45:00,0.0
2019-01-18 05:00:00,0.0
2019-01-18 05:15:00,0.0
2019-01-18 05:30:00,0.0
2019-01-18 05:45:00,0.0
2019-01-18 06:00:00,0.0
2019-01-18 06:15:00,0.0
2019-01-18 06:30:00,0.0
2019-01-18 06:45:00,0.0
2019-01-18 07:00:00,0.0
2019-01-18 07:15:00,0.0
2019-01-18 07:30:00,0.0
2019-01-18 07:45:00,34.0
2019-01-18 08:00:00,306.0
2019-01-18 08:15:00,833.0
2019-01-18 08:30:00,1387.0
2019-01-18 08:45:00,1872.0
2019-01-18 09:00:00,2628.0
2019-01-18 09:15:00,3132.0
2019-01-18 09:30:00,3040.0
2019-01-18 09:45:00,4861.0
2019-01-18 10:00:00,5542.0
2019-01-18 10:15:00,6054.0
2019-01-18 10:30:00,6690.0
2019-01-18 10:45:00,7281.0
2019-01-18 11:00:00,7911.0
2019-01-18 11:15:00,8396.0
2019-01-18 11:30:00,8760.0
2019-01-18 11:45:00,9069.0
2019-01-18 12:00:00,9343.0
2019-01-18 12:15:00,9608.0
2019-01-18 12:30:00,9809.0
2019-01-18 12:45:00,9923.0
2019-01-18 13:00:00,9946.0
2019-01-18 13:15:00,9871.0
2019-01-18 13:30:00,9712.0
2019-01-18 13:45:00,9532.0
2019-01-18 14:00:00,9186.0
2019-01-18 14:15:00,8882.0
2019-01-18 14:30:00,8511.0
2019-01-18 14:45:00,8068.0
2019-01-18 15:00:00,7557.0
2019-01-18 15:15:00,7046.0
2019-01-18 15:30:00,6391.0
2019-01-18 15:45:00,5699.0
2019-01-18 16:00:00,4951.0
2019-01-18 16:15:00,4131.0
2019-01-18 16:30:00,3247.0
2019-01-18 16:45:00,2368.0
2019-01-18 17:00:00,1518.0
2019-01-18 17:15:00,748.0
2019-01-18 17:30:00,116.0
2019-01-18 17:45:00,0.0
2019-01-18 18:00:00,0.0
2019-01-18 18:15:00,0.0
2019-01-18 18:30:00,0.0
2019-01-18 18:45:00,0.0
2019-01-18 19:00:00,0.0
2019-01-18 19:15:00,0.0
2019-01-18 19:30:00,0.0
2019-01-18 19:45:00,0.0
2019-01-18 20:00:00,0.0
2019-01-18 20:15:00,0.0
2019-01-18 20:30:00,0.0
2019-01-18 20:45:00,0.0
2019-01-18 21:00:00,0.0
2019-01-18 21:15:00,0.0
2019-01-18 21:30:00,0.0
2019-01-18 21:45:00,0.0
2019-01-18 22:00:00,0.0
2019-01-18 22:15:00,0.0
2019-01-18 22:30:00,0.0
2019-01-18 22:45:00,0.0
2019-01-18 23:00:00,0.0
2019-01-18 23:15:00,0.0
2019-01-18 23:30:00,0.0
2019-01-18 23:45:00,0.0
2019-01-19 00:00:00,0.0
2019-01-19 00:15:00,0.0
2019-01-19 00:30:00,0.0
2019-01-19 00:45:00,0.0
2019-01-19 01:00:00,0.0
2019-01-19 01:15:00,0.0
2019-01-19 01:30:00,0.0
2019-01-19 01:45:00,0.0
2019-01-19 02:00:00,0.0
2019-01-19 02:15:00,0.0
2019-01-19 02:30:00,0.0
2019-01-19 02:45:00,0.0
2019-01-19 03:00:00,0.0
2019-01-19 03:15:00,0.0
2019-01-19 03:30:00,0.0
2019-01-19 03:45:00,0.0
2019-01-19 04:00:00,0.0
2019-01-19 04:15:00,0.0
2019-01-19 04:30:00,0.0
2019-01-19 04:45:00,0.0
2019-01-19 05:00:00,0.0
2019-01-19 05:15:00,0.0
2019-01-19 05:30:00,0.0
2019-01-19 05:45:00,0.0
2019-01-19 06:00:00,0.0
2019-01-19 06:15:00,0.0
2019-01-19 06:30:00,0.0
2019-01-19 06:45:00,0.0
2019-01-19 07:00:00,0.0
2019-01-19 07:15:00,0.0
2019-01-19 07:30:00,45.0
2019-01-19 07:45:00,197.0
2019-01-19 08:00:00,519.0
2019-01-19 08:15:00,866.0
2019-01-19 08:30:00,1460.0
2019-01-19 08:45:00,1616.0
2019-01-19 09:00:00,1784.0
2019-01-19 09:15:00,2265.0
2019-01-19 09:30:00,3116.0
2019-01-19 09:45:00,3650.0
2019-01-19 10:00:00,5576.0
2019-01-19 10:15:00,6116.0
2019-01-19 10:30:00,6262.0
2019-01-19 10:45:00,6431.0
2019-01-19 11:00:00,6397.0
2019-01-19 11:15:00,6907.0
2019-01-19 11:30:00,8038.0
2019-01-19 11:45:00,8544.0
2019-01-19 12:00:00,8325.0
2019-01-19 12:15:00,7535.0
2019-01-19 12:30:00,7766.0
2019-01-19 12:45:00,8314.0
2019-01-19 13:00:00,8041.0
2019-01-19 13:15:00,8231.0
2019-01-19 13:30:00,8429.0
2019-01-19 13:45:00,7933.0
2019-01-19 14:00:00,8332.0
2019-01-19 14:15:00,7166.0
2019-01-19 14:30:00,5952.0
2019-01-19 14:45:00,4681.0
2019-01-19 15:00:00,3910.0
2019-01-19 15:15:00,4578.0
2019-01-19 15:30:00,5776.0
2019-01-19 15:45:00,4718.0
2019-01-19 16:00:00,3588.0
2019-01-19 16:15:00,3717.0
2019-01-19 16:30:00,3854.0
2019-01-19 16:45:00,2343.0
2019-01-19 17:00:00,1424.0
2019-01-19 17:15:00,781.0
2019-01-19 17:30:00,190.0
2019-01-19 17:45:00,0.0
2019-01-19 18:00:00,0.0
2019-01-19 18:15:00,0.0
2019-01-19 18:30:00,0.0
2019-01-19 18:45:00,0.0
2019-01-19 19:00:00,0.0
2019-01-19 19:15:00,0.0
2019-01-19 19:30:00,0.0
2019-01-19 19:45:00,0.0
2019-01-19 20:00:00,0.0
2019-01-19 20:15:00,0.0
2019-01-19 20:30:00,0.0
2019-01-19 20:45:00,0.0
2019-01-19 21:00:00,0.0
2019-01-19 21:15:00,0.0
2019-01-19 21:30:00,0.0
2019-01-19 21:45:00,0.0
2019-01-19 22:00:00,0.0
2019-01-19 22:15:00,0.0
2019-01-19 22:30:00,0.0
2019-01-19 22:45:00,0.0
2019-01-19 23:00:00,0.0
2019-01-19 23:15:00,0.0
2019-01-19 23:30:00,0.0
2019-01-19 23:45:00,0.0
2019-01-20 00:00:00,0.0
2019-01-20 00:15:00,0.0
2019-01-20 00:30:00,0.0
2019-01-20 00:45:00,0.0
2019-01-20 01:00:00,0.0
2019-01-20 01:15:00,0.0
2019-01-20 01:30:00,0.0
2019-01-20 01:45:00,0.0
2019-01-20 02:00:00,0.0
2019-01-20 02:15:00,0.0
2019-01-20 02:30:00,0.0
2019-01-20 02:45:00,0.0
2019-01-20 03:00:00,0.0
2019-01-20 03:15:00,0.0
2019-01-20 03:30:00,0.0
2019-01-20 03:45:00,0.0
2019-01-20 04:00:00,0.0
2019-01-20 04:15:00,0.0
2019-01-20 04:30:00,0.0
2019-01-20 04:45:00,0.0
2019-01-20 05:00:00,0.0
2019-01-20 05:15:00,0.0
2019-01-20 05:30:00,0.0
2019-01-20 05:45:00,0.0
2019-01-20 06:00:00,0.0
2019-01-20 06:15:00,0.0
2019-01-20 06:30:00,0.0
2019-01-20 06:45:00,0.0
2019-01-20 07:00:00,0.0
2019-01-20 07:15:00,0.0
2019-01-20 07:30:00,0.0
2019-01-20 07:45:00,85.0
2019-01-20 08:00:00,511.0
2019-01-20 08:15:00,1196.0
2019-01-20 08:30:00,1404.0
2019-01-20 08:45:00,1807.0
2019-01-20 09:00:00,2341.0
2019-01-20 09:15:00,2525.0
2019-01-20 09:30:00,3464.0
2019-01-20 09:45:00,3916.0
2019-01-20 10:00:00,4952.0
2019-01-20 10:15:00,5461.0
2019-01-20 10:30:00,5816.0
2019-01-20 10:45:00,6478.0
2019-01-20 11:00:00,6921.0
2019-01-20 11:15:00,6464.0
2019-01-20 11:30:00,8245.0
2019-01-20 11:45:00,8252.0
2019-01-20 12:00:00,7686.0
2019-01-20 12:15:00,7504.0
2019-01-20 12:30:00,6968.0
2019-01-20 12:45:00,7309.0
2019-01-20 13:00:00,7786.0
2019-01-20 13:15:00,7953.0
2019-01-20 13:30:00,7844.0
2019-01-20 13:45:00,7880.0
2019-01-20 14:00:00,8387.0
2019-01-20 14:15:00,7460.0
2019-01-20 14:30:00,7745.0
2019-01-20 14:45:00,6528.0
2019-01-20 15:00:00,5350.0
2019-01-20 15:15:00,3759.0
2019-01-20 15:30:00,3750.0
2019-01-20 15:45:00,2564.0
2019-01-20 16:00:00,1875.0
2019-01-20 16:15:00,1536.0
2019-01-20 16:30:00,1081.0
2019-01-20 16:45:00,823.0
2019-01-20 17:00:00,481.0
2019-01-20 17:15:00,191.0
2019-01-20 17:30:00,0.0
2019-01-20 17:45:00,0.0
2019-01-20 18:00:00,0.0
2019-01-20 18:15:00,0.0
2019-01-20 18:30:00,0.0
2019-01-20 18:45:00,0.0
2019-01-20 19:00:00,0.0
2019-01-20 19:15:00,0.0
2019-01-20 19:30:00,0.0
2019-01-20 19:45:00,0.0
2019-01-20 20:00:00,0.0
2019-01-20 20:15:00,0.0
2019-01-20 20:30:00,0.0
2019-01-20 20:45:00,0.0
2019-01-20 21:00:00,0.0
2019-01-20 21:15:00,0.0
2019-01-20 21:30:00,0.0
2019-01-20 21:45:00,0.0
2019-01-20 22:00:00,0.0
2019-01-20 22:15:00,0.0
2019-01-20 22:30:00,0.0
2019-01-20 22:45:00,0.0
2019-01-20 23:00:00,0.0
2019-01-20 23:15:00,0.0
2019-01-20 23:30:00,0.0
2019-01-20 23:45:00,0.0
2019-01-21 00:00:00,0.0
2019-01-21 00:15:00,0.0
2019-01-21 00:30:00,0.0
2019-01-21 00:45:00,0.0
2019-01-21 01:00:00,0.0
2019-01-21 01:15:00,0.0
2019-01-21 01:30:00,0.0
2019-01-21 01:45:00,0.0
2019-01-21 02:00:00,0.0
2019-01-21 02:15:00,0.0
2019-01-21 02:30:00,0.0
2019-01-21 02:45:00,0.0
2019-01-21 03:00:00,0.0
2019-01-21 03:15:00,0.0
2019-01-21 03:30:00,0.0
2019-01-21 03:45:00,0.0
2019-01-21 04:00:00,0.0
2019-01-21 04:15:00,0.0
2019-01-21 04:30:00,0.0
2019-01-21 04:45:00,0.0
2019-01-21 05:00:00,0.0
2019-01-21 05:15:00,0.0
2019-01-21 05:30:00,0.0
2019-01-21 05:45:00,0.0
2019-01-21 06:00:00,0.0
2019-01-21 06:15:00,0.0
2019-01-21 06:30:00,0.0
2019-01-21 06:45:00,0.0
2019-01-21 07:00:00,0.0
2019-01-21 07:15:00,0.0
2019-01-21 07:30:00,0.0
2019-01-21 07:45:00,3.0
2019-01-21 08:00:00,198.0
2019-01-21 08:15:00,827.0
2019-01-21 08:30:00,345.0
2019-01-21 08:45:00,828.0
2019-01-21 09:00:00,3266.0
2019-01-21 09:15:00,851.0
2019-01-21 09:30:00,460.0
2019-01-21 09:45:00,242.0
2019-01-21 10:00:00,382.0
2019-01-21 10:15:00,416.0
2019-01-21 10:30:00,128.0
2019-01-21 10:45:00,81.0
2019-01-21 11:00:00,268.0
2019-01-21 11:15:00,275.0
2019-01-21 11:30:00,438.0
2019-01-21 11:45:00,198.0
2019-01-21 12:00:00,211.0
2019-01-21 12:15:00,228.0
2019-01-21 12:30:00,233.0
2019-01-21 12:45:00,243.0
2019-01-21 13:00:00,234.0
2019-01-21 13:15:00,480.0
2019-01-21 13:30:00,361.0
2019-01-21 13:45:00,255.0
2019-01-21 14:00:00,187.0
2019-01-21 14:15:00,144.0
2019-01-21 14:30:00,145.0
2019-01-21 14:45:00,155.0
2019-01-21 15:00:00,122.0
2019-01-21 15:15:00,114.0
2019-01-21 15:30:00,48.0
2019-01-21 15:45:00,13.0
2019-01-21 16:00:00,12.0
2019-01-21 16:15:00,12.0
2019-01-21 16:30:00,8.0
2019-01-21 16:45:00,5.0
2019-01-21 17:00:00,1.0
2019-01-21 17:15:00,0.0
2019-01-21 17:30:00,0.0
2019-01-21 17:45:00,0.0
2019-01-21 18:00:00,0.0
2019-01-21 18:15:00,0.0
2019-01-21 18:30:00,0.0
2019-01-21 18:45:00,0.0
2019-01-21 19:00:00,0.0
2019-01-21 19:15:00,0.0
2019-01-21 19:30:00,0.0
2019-01-21 19:45:00,0.0
2019-01-21 20:00:00,0.0
2019-01-21 20:15:00,0.0
2019-01-21 20:30:00,0.0
2019-01-21 20:45:00,0.0
2019-01-21 21:00:00,0.0
2019-01-21 21:15:00,0.0
2019-01-21 21:30:00,0.0
2019-01-21 21:45:00,0.0
2019-01-21 22:00:00,0.0
2019-01-21 22:15:00,0.0
2019-01-21 22:30:00,0.0
2019-01-21 22:45:00,0.0
2019-01-21 23:00:00,0.0
2019-01-21 23:15:00,0.0
2019-01-21 23:30:00,0.0
2019-01-21 23:45:00,0.0
2019-01-22 00:00:00,0.0
2019-01-22 00:15:00,0.0
2019-01-22 00:30:00,0.0
2019-01-22 00:45:00,0.0
2019-01-22 01:00:00,0.0
2019-01-22 01:15:00,0.0
2019-01-22 01:30:00,0.0
2019-01-22 01:45:00,0.0
2019-01-22 02:00:00,0.0
2019-01-22 02:15:00,0.0
2019-01-22 02:30:00,0.0
2019-01-22 02:45:00,0.0
2019-01-22 03:00:00,0.0
2019-01-22 03:15:00,0.0
2019-01-22 03:30:00,0.0
2019-01-22 03:45:00,0.0
2019-01-22 04:00:00,0.0
2019-01-22 04:15:00,0.0
2019-01-22 04:30:00,0.0
2019-01-22 04:45:00,0.0
2019-01-22 05:00:00,0.0
2019-01-22 05:15:00,0.0
2019-01-22 05:30:00,0.0
2019-01-22 05:45:00,0.0
2019-01-22 06:00:00,0.0
2019-01-22 06:15:00,0.0
2019-01-22 06:30:00,0.0
2019-01-22 06:45:00,0.0
2019-01-22 07:00:00,0.0
2019-01-22 07:15:00,0.0
2019-01-22 07:30:00,0.0
2019-01-22 07:45:00,0.0
2019-01-22 08:00:00,5.0
2019-01-22 08:15:00,35.0
2019-01-22 08:30:00,83.0
2019-01-22 08:45:00,140.0
2019-01-22 09:00:00,211.0
2019-01-22 09:15:00,290.0
2019-01-22 09:30:00,384.0
2019-01-22 09:45:00,483.0
2019-01-22 10:00:00,583.0
2019-01-22 10:15:00,678.0
2019-01-22 10:30:00,778.0
2019-01-22 10:45:00,892.0
2019-01-22 11:00:00,925.0
2019-01-22 11:15:00,1048.0
2019-01-22 11:30:00,1023.0
2019-01-22 11:45:00,1146.0
2019-01-22 12:00:00,1787.0
2019-01-22 12:15:00,2025.0
2019-01-22 12:30:00,2198.0
2019-01-22 12:45:00,2757.0
2019-01-22 13:00:00,3283.0
2019-01-22 13:15:00,4261.0
2019-01-22 13:30:00,4665.0
2019-01-22 13:45:00,4915.0
2019-01-22 14:00:00,5036.0
2019-01-22 14:15:00,5087.0
2019-01-22 14:30:00,4926.0
2019-01-22 14:45:00,4746.0
2019-01-22 15:00:00,4826.0
2019-01-22 15:15:00,4826.0
2019-01-22 15:30:00,4521.0
2019-01-22 15:45:00,4267.0
2019-01-22 16:00:00,3840.0
2019-01-22 16:15:00,3309.0
2019-01-22 16:30:00,2710.0
2019-01-22 16:45:00,2080.0
2019-01-22 17:00:00,1427.0
2019-01-22 17:15:00,817.0
2019-01-22 17:30:00,232.0
2019-01-22 17:45:00,0.0
2019-01-22 18:00:00,0.0
2019-01-22 18:15:00,0.0
2019-01-22 18:30:00,0.0
2019-01-22 18:45:00,0.0
2019-01-22 19:00:00,0.0
2019-01-22 19:15:00,0.0
2019-01-22 19:30:00,0.0
2019-01-22 19:45:00,0.0
2019-01-22 20:00:00,0.0
2019-01-22 20:15:00,0.0
2019-01-22 20:30:00,0.0
2019-01-22 20:45:00,0.0
2019-01-22 21:00:00,0.0
2019-01-22 21:15:00,0.0
2019-01-22 21:30:00,0.0
2019-01-22 21:45:00,0.0
2019-01-22 22:00:00,0.0
2019-01-22 22:15:00,0.0
2019-01-22 22:30:00,0.0
2019-01-22 22:45:00,0.0
2019-01-22 23:00:00,0.0
2019-01-22 23:15:00,0.0
2019-01-22 23:30:00,0.0
2019-01-22 23:45:00,0.0
2019-01-23 00:00:00,0.0
2019-01-23 00:15:00,0.0
2019-01-23 00:30:00,0.0
2019-01-23 00:45:00,0.0
2019-01-23 01:00:00,0.0
2019-01-23 01:15:00,0.0
2019-01-23 01:30:00,0.0
2019-01-23 01:45:00,0.0
2019-01-23 02:00:00,0.0
2019-01-23 02:15:00,0.0
2019-01-23 02:30:00,0.0
2019-01-23 02:45:00,0.0
2019-01-23 03:00:00,0.0
2019-01-23 03:15:00,0.0
2019-01-23 03:30:00,0.0
2019-01-23 03:45:00,0.0
2019-01-23 04:00:00,0.0
2019-01-23 04:15:00,0.0
2019-01-23 04:30:00,0.0
2019-01-23 04:45:00,0.0
2019-01-23 05:00:00,0.0
2019-01-23 05:15:00,0.0
2019-01-23 05:30:00,0.0
2019-01-23 05:45:00,0.0
2019-01-23 06:00:00,0.0
2019-01-23 06:15:00,0.0
2019-01-23 06:30:00,0.0
2019-01-23 06:45:00,0.0
2019-01-23 07:00:00,0.0
2019-01-23 07:15:00,0.0
2019-01-23 07:30:00,0.0
2019-01-23 07:45:00,62.0
2019-01-23 08:00:00,371.0
2019-01-23 08:15:00,842.0
2019-01-23 08:30:00,1275.0
2019-01-23 08:45:00,1776.0
2019-01-23 09:00:00,2348.0
2019-01-23 09:15:00,2900.0
2019-01-23 09:30:00,3474.0
2019-01-23 09:45:00,3996.0
2019-01-23 10:00:00,4425.0
2019-01-23 10:15:00,4884.0
2019-01-23 10:30:00,5378.0
2019-01-23 10:45:00,5951.0
2019-01-23 11:00:00,6569.0
2019-01-23 11:15:00,7056.0
2019-01-23 11:30:00,7390.0
2019-01-23 11:45:00,7688.0
2019-01-23 12:00:00,7996.0
2019-01-23 12:15:00,8279.0
2019-01-23 12:30:00,8480.0
2019-01-23 12:45:00,8681.0
2019-01-23 13:00:00,8692.0
2019-01-23 13:15:00,8704.0
2019-01-23 13:30:00,8688.0
2019-01-23 13:45:00,8628.0
2019-01-23 14:00:00,8426.0
2019-01-23 14:15:00,8195.0
2019-01-23 14:30:00,7877.0
2019-01-23 14:45:00,7490.0
2019-01-23 15:00:00,7053.0
2019-01-23 15:15:00,6591.0
2019-01-23 15:30:00,6053.0
2019-01-23 15:45:00,5465.0
2019-01-23 16:00:00,4825.0
2019-01-23 16:15:00,4084.0
2019-01-23 16:30:00,3422.0
2019-01-23 16:45:00,2671.0
2019-01-23 17:00:00,1859.0
2019-01-23 17:15:00,995.0
2019-01-23 17:30:00,299.0
2019-01-23 17:45:00,1.0
2019-01-23 18:00:00,0.0
2019-01-23 18:15:00,0.0
2019-01-23 18:30:00,0.0
2019-01-23 18:45:00,0.0
2019-01-23 19:00:00,0.0
2019-01-23 19:15:00,0.0
2019-01-23 19:30:00,0.0
2019-01-23 19:45:00,0.0
2019-01-23 20:00:00,0.0
2019-01-23 20:15:00,0.0
2019-01-23 20:30:00,0.0
2019-01-23 20:45:00,0.0
2019-01-23 21:00:00,0.0
2019-01-23 21:15:00,0.0
2019-01-23 21:30:00,0.0
2019-01-23 21:45:00,0.0
2019-01-23 22:00:00,0.0
2019-01-23 22:15:00,0.0
2019-01-23 22:30:00,0.0
2019-01-23 22:45:00,0.0
2019-01-23 23:00:00,0.0
2019-01-23 23:15:00,0.0
2019-01-23 23:30:00,0.0
2019-01-23 23:45:00,0.0
2019-01-24 00:00:00,0.0
2019-01-24 00:15:00,0.0
2019-01-24 00:30:00,0.0
2019-01-24 00:45:00,0.0
2019-01-24 01:00:00,0.0
2019-01-24 01:15:00,0.0
2019-01-24 01:30:00,0.0
2019-01-24 01:45:00,0.0
2019-01-24 02:00:00,0.0
2019-01-24 02:15:00,0.0
2019-01-24 02:30:00,0.0
2019-01-24 02:45:00,0.0
2019-01-24 03:00:00,0.0
2019-01-24 03:15:00,0.0
2019-01-24 03:30:00,0.0
2019-01-24 03:45:00,0.0
2019-01-24 04:00:00,0.0
2019-01-24 04:15:00,0.0
2019-01-24 04:30:00,0.0
2019-01-24 04:45:00,0.0
2019-01-24 05:00:00,0.0
2019-01-24 05:15:00,0.0
2019-01-24 05:30:00,0.0
2019-01-24 05:45:00,0.0
2019-01-24 06:00:00,0.0
2019-01-24 06:15:00,0.0
2019-01-24 06:30:00,0.0
2019-01-24 06:45:00,0.0
2019-01-24 07:00:00,0.0
2019-01-24 07:15:00,0.0
2019-01-24 07:30:00,0.0
2019-01-24 07:45:00,77.0
2019-01-24 08:00:00,413.0
2019-01-24 08:15:00,949.0
2019-01-24 08:30:00,1432.0
2019-01-24 08:45:00,2015.0
2019-01-24 09:00:00,2559.0
2019-01-24 09:15:00,3206.0
2019-01-24 09:30:00,3850.0
2019-01-24 09:45:00,4435.0
2019-01-24 10:00:00,5042.0
2019-01-24 10:15:00,5573.0
2019-01-24 10:30:00,6171.0
2019-01-24 10:45:00,6715.0
2019-01-24 11:00:00,7256.0
2019-01-24 11:15:00,7782.0
2019-01-24 11:30:00,8257.0
2019-01-24 11:45:00,8666.0
2019-01-24 12:00:00,9013.0
2019-01-24 12:15:00,7623.0
2019-01-24 12:30:00,9592.0
2019-01-24 12:45:00,9951.0
2019-01-24 13:00:00,9978.0
2019-01-24 13:15:00,9918.0
2019-01-24 13:30:00,9777.0
2019-01-24 13:45:00,9579.0
2019-01-24 14:00:00,9349.0
2019-01-24 14:15:00,9041.0
2019-01-24 14:30:00,8667.0
2019-01-24 14:45:00,6707.0
2019-01-24 15:00:00,7764.0
2019-01-24 15:15:00,7281.0
2019-01-24 15:30:00,6695.0
2019-01-24 15:45:00,6017.0
2019-01-24 16:00:00,5292.0
2019-01-24 16:15:00,4487.0
2019-01-24 16:30:00,3631.0
2019-01-24 16:45:00,2738.0
2019-01-24 17:00:00,1866.0
2019-01-24 17:15:00,1066.0
2019-01-24 17:30:00,339.0
2019-01-24 17:45:00,2.0
2019-01-24 18:00:00,0.0
2019-01-24 18:15:00,0.0
2019-01-24 18:30:00,0.0
2019-01-24 18:45:00,0.0
2019-01-24 19:00:00,0.0
2019-01-24 19:15:00,0.0
2019-01-24 19:30:00,0.0
2019-01-24 19:45:00,0.0
2019-01-24 20:00:00,0.0
2019-01-24 20:15:00,0.0
2019-01-24 20:30:00,0.0
2019-01-24 20:45:00,0.0
2019-01-24 21:00:00,0.0
2019-01-24 21:15:00,0.0
2019-01-24 21:30:00,0.0
2019-01-24 21:45:00,0.0
2019-01-24 22:00:00,0.0
2019-01-24 22:15:00,0.0
2019-01-24 22:30:00,0.0
2019-01-24 22:45:00,0.0
2019-01-24 23:00:00,0.0
2019-01-24 23:15:00,0.0
2019-01-24 23:30:00,0.0
2019-01-24 23:45:00,0.0
2019-01-25 00:00:00,0.0
2019-01-25 00:15:00,0.0
2019-01-25 00:30:00,0.0
2019-01-25 00:45:00,0.0
2019-01-25 01:00:00,0.0
2019-01-25 01:15:00,0.0
2019-01-25 01:30:00,0.0
2019-01-25 01:45:00,0.0
2019-01-25 02:00:00,0.0
2019-01-25 02:15:00,0.0
2019-01-25 02:30:00,0.0
2019-01-25 02:45:00,0.0
2019-01-25 03:00:00,0.0
2019-01-25 03:15:00,0.0
2019-01-25 03:30:00,0.0
2019-01-25 03:45:00,0.0
2019-01-25 04:00:00,0.0
2019-01-25 04:15:00,0.0
2019-01-25 04:30:00,0.0
2019-01-25 04:45:00,0.0
2019-01-25 05:00:00,0.0
2019-01-25 05:15:00,0.0
2019-01-25 05:30:00,0.0
2019-01-25 05:45:00,0.0
2019-01-25 06:00:00,0.0
2019-01-25 06:15:00,0.0
2019-01-25 06:30:00,0.0
2019-01-25 06:45:00,0.0
2019-01-25 07:00:00,0.0
2019-01-25 07:15:00,0.0
2019-01-25 07:30:00,0.0
2019-01-25 07:45:00,90.0
2019-01-25 08:00:00,473.0
2019-01-25 08:15:00,1093.0
2019-01-25 08:30:00,1623.0
2019-01-25 08:45:00,2285.0
2019-01-25 09:00:00,2951.0
2019-01-25 09:15:00,3651.0
2019-01-25 09:30:00,4386.0
2019-01-25 09:45:00,5074.0
2019-01-25 10:00:00,5741.0
2019-01-25 10:15:00,6350.0
2019-01-25 10:30:00,6940.0
2019-01-25 10:45:00,7412.0
2019-01-25 11:00:00,7931.0
2019-01-25 11:15:00,8440.0
2019-01-25 11:30:00,8643.0
2019-01-25 11:45:00,9028.0
2019-01-25 12:00:00,9322.0
2019-01-25 12:15:00,9832.0
2019-01-25 12:30:00,11126.0
2019-01-25 12:45:00,10489.0
2019-01-25 13:00:00,8161.0
2019-01-25 13:15:00,7789.0
2019-01-25 13:30:00,10524.0
2019-01-25 13:45:00,9982.0
2019-01-25 14:00:00,7819.0
2019-01-25 14:15:00,4134.0
2019-01-25 14:30:00,9989.0
2019-01-25 14:45:00,8385.0
2019-01-25 15:00:00,5594.0
2019-01-25 15:15:00,3786.0
2019-01-25 15:30:00,5274.0
2019-01-25 15:45:00,3781.0
2019-01-25 16:00:00,2284.0
2019-01-25 16:15:00,1442.0
2019-01-25 16:30:00,2516.0
2019-01-25 16:45:00,3139.0
2019-01-25 17:00:00,2012.0
2019-01-25 17:15:00,1150.0
2019-01-25 17:30:00,424.0
2019-01-25 17:45:00,9.0
2019-01-25 18:00:00,0.0
2019-01-25 18:15:00,0.0
2019-01-25 18:30:00,0.0
2019-01-25 18:45:00,0.0
2019-01-25 19:00:00,0.0
2019-01-25 19:15:00,0.0
2019-01-25 19:30:00,0.0
2019-01-25 19:45:00,0.0
2019-01-25 20:00:00,0.0
2019-01-25 20:15:00,0.0
2019-01-25 20:30:00,0.0
2019-01-25 20:45:00,0.0
2019-01-25 21:00:00,0.0
2019-01-25 21:15:00,0.0
2019-01-25 21:30:00,0.0
2019-01-25 21:45:00,0.0
2019-01-25 22:00:00,0.0
2019-01-25 22:15:00,0.0
2019-01-25 22:30:00,0.0
2019-01-25 22:45:00,0.0
2019-01-25 23:00:00,0.0
2019-01-25 23:15:00,0.0
2019-01-25 23:30:00,0.0
2019-01-25 23:45:00,0.0
2019-01-26 00:00:00,0.0
2019-01-26 00:15:00,0.0
2019-01-26 00:30:00,0.0
2019-01-26 00:45:00,0.0
2019-01-26 01:00:00,0.0
2019-01-26 01:15:00,0.0
2019-01-26 01:30:00,0.0
2019-01-26 01:45:00,0.0
2019-01-26 02:00:00,0.0
2019-01-26 02:15:00,0.0
2019-01-26 02:30:00,0.0
2019-01-26 02:45:00,0.0
2019-01-26 03:00:00,0.0
2019-01-26 03:15:00,0.0
2019-01-26 03:30:00,0.0
2019-01-26 03:45:00,0.0
2019-01-26 04:00:00,0.0
2019-01-26 04:15:00,0.0
2019-01-26 04:30:00,0.0
2019-01-26 04:45:00,0.0
2019-01-26 05:00:00,0.0
2019-01-26 05:15:00,0.0
2019-01-26 05:30:00,0.0
2019-01-26 05:45:00,0.0
2019-01-26 06:00:00,0.0
2019-01-26 06:15:00,0.0
2019-01-26 06:30:00,0.0
2019-01-26 06:45:00,0.0
2019-01-26 07:00:00,0.0
2019-01-26 07:15:00,0.0
2019-01-26 07:30:00,0.0
2019-01-26 07:45:00,110.0
2019-01-26 08:00:00,508.0
2019-01-26 08:15:00,1065.0
2019-01-26 08:30:00,1590.0
2019-01-26 08:45:00,2166.0
2019-01-26 09:00:00,2855.0
2019-01-26 09:15:00,3551.0
2019-01-26 09:30:00,4248.0
2019-01-26 09:45:00,4919.0
2019-01-26 10:00:00,5575.0
2019-01-26 10:15:00,6177.0
2019-01-26 10:30:00,6797.0
2019-01-26 10:45:00,7275.0
2019-01-26 11:00:00,7797.0
2019-01-26 11:15:00,8265.0
2019-01-26 11:30:00,8763.0
2019-01-26 11:45:00,8984.0
2019-01-26 12:00:00,9305.0
2019-01-26 12:15:00,9607.0
2019-01-26 12:30:00,9884.0
2019-01-26 12:45:00,10017.0
2019-01-26 13:00:00,9967.0
2019-01-26 13:15:00,9937.0
2019-01-26 13:30:00,9835.0
2019-01-26 13:45:00,9667.0
2019-01-26 14:00:00,9426.0
2019-01-26 14:15:00,9063.0
2019-01-26 14:30:00,8710.0
2019-01-26 14:45:00,8260.0
2019-01-26 15:00:00,7842.0
2019-01-26 15:15:00,7242.0
2019-01-26 15:30:00,6687.0
2019-01-26 15:45:00,6014.0
2019-01-26 16:00:00,5308.0
2019-01-26 16:15:00,4540.0
2019-01-26 16:30:00,3705.0
2019-01-26 16:45:00,2828.0
2019-01-26 17:00:00,1947.0
2019-01-26 17:15:00,845.0
2019-01-26 17:30:00,116.0
2019-01-26 17:45:00,1.0
2019-01-26 18:00:00,0.0
2019-01-26 18:15:00,0.0
2019-01-26 18:30:00,0.0
2019-01-26 18:45:00,0.0
2019-01-26 19:00:00,0.0
2019-01-26 19:15:00,0.0
2019-01-26 19:30:00,0.0
2019-01-26 19:45:00,0.0
2019-01-26 20:00:00,0.0
2019-01-26 20:15:00,0.0
2019-01-26 20:30:00,0.0
2019-01-26 20:45:00,0.0
2019-01-26 21:00:00,0.0
2019-01-26 21:15:00,0.0
2019-01-26 21:30:00,0.0
2019-01-26 21:45:00,0.0
2019-01-26 22:00:00,0.0
2019-01-26 22:15:00,0.0
2019-01-26 22:30:00,0.0
2019-01-26 22:45:00,0.0
2019-01-26 23:00:00,0.0
2019-01-26 23:15:00,0.0
2019-01-26 23:30:00,0.0
2019-01-26 23:45:00,0.0
2019-01-27 00:00:00,0.0
2019-01-27 00:15:00,0.0
2019-01-27 00:30:00,0.0
2019-01-27 00:45:00,0.0
2019-01-27 01:00:00,0.0
2019-01-27 01:15:00,0.0
2019-01-27 01:30:00,0.0
2019-01-27 01:45:00,0.0
2019-01-27 02:00:00,0.0
2019-01-27 02:15:00,0.0
2019-01-27 02:30:00,0.0
2019-01-27 02:45:00,0.0
2019-01-27 03:00:00,0.0
2019-01-27 03:15:00,0.0
2019-01-27 03:30:00,0.0
2019-01-27 03:45:00,0.0
2019-01-27 04:00:00,0.0
2019-01-27 04:15:00,0.0
2019-01-27 04:30:00,0.0
2019-01-27 04:45:00,0.0
2019-01-27 05:00:00,0.0
2019-01-27 05:15:00,0.0
2019-01-27 05:30:00,0.0
2019-01-27 05:45:00,0.0
2019-01-27 06:00:00,0.0
2019-01-27 06:15:00,0.0
2019-01-27 06:30:00,0.0
2019-01-27 06:45:00,0.0
2019-01-27 07:00:00,0.0
2019-01-27 07:15:00,0.0
2019-01-27 07:30:00,0.0
2019-01-27 07:45:00,98.0
2019-01-27 08:00:00,440.0
2019-01-27 08:15:00,825.0
2019-01-27 08:30:00,1238.0
2019-01-27 08:45:00,1427.0
2019-01-27 09:00:00,1939.0
2019-01-27 09:15:00,3742.0
2019-01-27 09:30:00,3116.0
2019-01-27 09:45:00,4501.0
2019-01-27 10:00:00,5520.0
2019-01-27 10:15:00,5512.0
2019-01-27 10:30:00,5040.0
2019-01-27 10:45:00,4837.0
2019-01-27 11:00:00,5315.0
2019-01-27 11:15:00,5755.0
2019-01-27 11:30:00,6246.0
2019-01-27 11:45:00,7605.0
2019-01-27 12:00:00,8078.0
2019-01-27 12:15:00,8071.0
2019-01-27 12:30:00,7143.0
2019-01-27 12:45:00,6186.0
2019-01-27 13:00:00,6940.0
2019-01-27 13:15:00,9925.0
2019-01-27 13:30:00,9560.0
2019-01-27 13:45:00,9353.0
2019-01-27 14:00:00,9140.0
2019-01-27 14:15:00,8865.0
2019-01-27 14:30:00,8581.0
2019-01-27 14:45:00,8234.0
2019-01-27 15:00:00,7613.0
2019-01-27 15:15:00,7105.0
2019-01-27 15:30:00,6614.0
2019-01-27 15:45:00,5999.0
2019-01-27 16:00:00,5138.0
2019-01-27 16:15:00,4243.0
2019-01-27 16:30:00,3552.0
2019-01-27 16:45:00,2766.0
2019-01-27 17:00:00,2063.0
2019-01-27 17:15:00,1013.0
2019-01-27 17:30:00,351.0
2019-01-27 17:45:00,11.0
2019-01-27 18:00:00,0.0
2019-01-27 18:15:00,0.0
2019-01-27 18:30:00,0.0
2019-01-27 18:45:00,0.0
2019-01-27 19:00:00,0.0
2019-01-27 19:15:00,0.0
2019-01-27 19:30:00,0.0
2019-01-27 19:45:00,0.0
2019-01-27 20:00:00,0.0
2019-01-27 20:15:00,0.0
2019-01-27 20:30:00,0.0
2019-01-27 20:45:00,0.0
2019-01-27 21:00:00,0.0
2019-01-27 21:15:00,0.0
2019-01-27 21:30:00,0.0
2019-01-27 21:45:00,0.0
2019-01-27 22:00:00,0.0
2019-01-27 22:15:00,0.0
2019-01-27 22:30:00,0.0
2019-01-27 22:45:00,0.0
2019-01-27 23:00:00,0.0
2019-01-27 23:15:00,0.0
2019-01-27 23:30:00,0.0
2019-01-27 23:45:00,0.0
2019-01-28 00:00:00,0.0
2019-01-28 00:15:00,0.0
2019-01-28 00:30:00,0.0
2019-01-28 00:45:00,0.0
2019-01-28 01:00:00,0.0
2019-01-28 01:15:00,0.0
2019-01-28 01:30:00,0.0
2019-01-28 01:45:00,0.0
2019-01-28 02:00:00,0.0
2019-01-28 02:15:00,0.0
2019-01-28 02:30:00,0.0
2019-01-28 02:45:00,0.0
2019-01-28 03:00:00,0.0
2019-01-28 03:15:00,0.0
2019-01-28 03:30:00,0.0
2019-01-28 03:45:00,0.0
2019-01-28 04:00:00,0.0
2019-01-28 04:15:00,0.0
2019-01-28 04:30:00,0.0
2019-01-28 04:45:00,0.0
2019-01-28 05:00:00,0.0
2019-01-28 05:15:00,0.0
2019-01-28 05:30:00,0.0
2019-01-28 05:45:00,0.0
2019-01-28 06:00:00,0.0
2019-01-28 06:15:00,0.0
2019-01-28 06:30:00,0.0
2019-01-28 06:45:00,0.0
2019-01-28 07:00:00,0.0
2019-01-28 07:15:00,0.0
2019-01-28 07:30:00,4.0
2019-01-28 07:45:00,154.0
2019-01-28 08:00:00,550.0
2019-01-28 08:15:00,1087.0
2019-01-28 08:30:00,1810.0
2019-01-28 08:45:00,2275.0
2019-01-28 09:00:00,2957.0
2019-01-28 09:15:00,3725.0
2019-01-28 09:30:00,4439.0
2019-01-28 09:45:00,5125.0
2019-01-28 10:00:00,5787.0
2019-01-28 10:15:00,6427.0
2019-01-28 10:30:00,7052.0
2019-01-28 10:45:00,7586.0
2019-01-28 11:00:00,7991.0
2019-01-28 11:15:00,8343.0
2019-01-28 11:30:00,8537.0
2019-01-28 11:45:00,8892.0
2019-01-28 12:00:00,9162.0
2019-01-28 12:15:00,9358.0
2019-01-28 12:30:00,9579.0
2019-01-28 12:45:00,9822.0
2019-01-28 13:00:00,9886.0
2019-01-28 13:15:00,9915.0
2019-01-28 13:30:00,9685.0
2019-01-28 13:45:00,8893.0
2019-01-28 14:00:00,8605.0
2019-01-28 14:15:00,8868.0
2019-01-28 14:30:00,8554.0
2019-01-28 14:45:00,7993.0
2019-01-28 15:00:00,7445.0
2019-01-28 15:15:00,7730.0
2019-01-28 15:30:00,6848.0
2019-01-28 15:45:00,6179.0
2019-01-28 16:00:00,5207.0
2019-01-28 16:15:00,4961.0
2019-01-28 16:30:00,3836.0
2019-01-28 16:45:00,1934.0
2019-01-28 17:00:00,745.0
2019-01-28 17:15:00,190.0
2019-01-28 17:30:00,62.0
2019-01-28 17:45:00,1.0
2019-01-28 18:00:00,0.0
2019-01-28 18:15:00,0.0
2019-01-28 18:30:00,0.0
2019-01-28 18:45:00,0.0
2019-01-28 19:00:00,0.0
2019-01-28 19:15:00,0.0
2019-01-28 19:30:00,0.0
2019-01-28 19:45:00,0.0
2019-01-28 20:00:00,0.0
2019-01-28 20:15:00,0.0
2019-01-28 20:30:00,0.0
2019-01-28 20:45:00,0.0
2019-01-28 21:00:00,0.0
2019-01-28 21:15:00,0.0
2019-01-28 21:30:00,0.0
2019-01-28 21:45:00,0.0
2019-01-28 22:00:00,0.0
2019-01-28 22:15:00,0.0
2019-01-28 22:30:00,0.0
2019-01-28 22:45:00,0.0
2019-01-28 23:00:00,0.0
2019-01-28 23:15:00,0.0
2019-01-28 23:30:00,0.0
2019-01-28 23:45:00,0.0
2019-01-29 00:00:00,0.0
2019-01-29 00:15:00,0.0
2019-01-29 00:30:00,0.0
2019-01-29 00:45:00,0.0
2019-01-29 01:00:00,0.0
2019-01-29 01:15:00,0.0
2019-01-29 01:30:00,0.0
2019-01-29 01:45:00,0.0
2019-01-29 02:00:00,0.0
2019-01-29 02:15:00,0.0
2019-01-29 02:30:00,0.0
2019-01-29 02:45:00,0.0
2019-01-29 03:00:00,0.0
2019-01-29 03:15:00,0.0
2019-01-29 03:30:00,0.0
2019-01-29 03:45:00,0.0
2019-01-29 04:00:00,0.0
2019-01-29 04:15:00,0.0
2019-01-29 04:30:00,0.0
2019-01-29 04:45:00,0.0
2019-01-29 05:00:00,0.0
2019-01-29 05:15:00,0.0
2019-01-29 05:30:00,0.0
2019-01-29 05:45:00,0.0
2019-01-29 06:00:00,0.0
2019-01-29 06:15:00,0.0
2019-01-29 06:30:00,0.0
2019-01-29 06:45:00,0.0
2019-01-29 07:00:00,0.0
2019-01-29 07:15:00,0.0
2019-01-29 07:30:00,0.0
2019-01-29 07:45:00,29.0
2019-01-29 08:00:00,185.0
2019-01-29 08:15:00,366.0
2019-01-29 08:30:00,907.0
2019-01-29 08:45:00,1251.0
2019-01-29 09:00:00,1987.0
2019-01-29 09:15:00,2909.0
2019-01-29 09:30:00,2713.0
2019-01-29 09:45:00,2725.0
2019-01-29 10:00:00,2723.0
2019-01-29 10:15:00,7202.0
2019-01-29 10:30:00,5204.0
2019-01-29 10:45:00,4726.0
2019-01-29 11:00:00,4805.0
2019-01-29 11:15:00,5863.0
2019-01-29 11:30:00,5708.0
2019-01-29 11:45:00,5623.0
2019-01-29 12:00:00,4888.0
2019-01-29 12:15:00,5274.0
2019-01-29 12:30:00,7512.0
2019-01-29 12:45:00,6110.0
2019-01-29 13:00:00,5068.0
2019-01-29 13:15:00,7504.0
2019-01-29 13:30:00,6741.0
2019-01-29 13:45:00,8036.0
2019-01-29 14:00:00,6917.0
2019-01-29 14:15:00,6733.0
2019-01-29 14:30:00,7488.0
2019-01-29 14:45:00,6553.0
2019-01-29 15:00:00,3679.0
2019-01-29 15:15:00,3316.0
2019-01-29 15:30:00,3407.0
2019-01-29 15:45:00,3539.0
2019-01-29 16:00:00,2780.0
2019-01-29 16:15:00,1792.0
2019-01-29 16:30:00,1090.0
2019-01-29 16:45:00,857.0
2019-01-29 17:00:00,672.0
2019-01-29 17:15:00,645.0
2019-01-29 17:30:00,208.0
2019-01-29 17:45:00,5.0
2019-01-29 18:00:00,0.0
2019-01-29 18:15:00,0.0
2019-01-29 18:30:00,0.0
2019-01-29 18:45:00,0.0
2019-01-29 19:00:00,0.0
2019-01-29 19:15:00,0.0
2019-01-29 19:30:00,0.0
2019-01-29 19:45:00,0.0
2019-01-29 20:00:00,0.0
2019-01-29 20:15:00,0.0
2019-01-29 20:30:00,0.0
2019-01-29 20:45:00,0.0
2019-01-29 21:00:00,0.0
2019-01-29 21:15:00,0.0
2019-01-29 21:30:00,0.0
2019-01-29 21:45:00,0.0
2019-01-29 22:00:00,0.0
2019-01-29 22:15:00,0.0
2019-01-29 22:30:00,0.0
2019-01-29 22:45:00,0.0
2019-01-29 23:00:00,0.0
2019-01-29 23:15:00,0.0
2019-01-29 23:30:00,0.0
2019-01-29 23:45:00,0.0
2019-01-30 00:00:00,0.0
2019-01-30 00:15:00,0.0
2019-01-30 00:30:00,0.0
2019-01-30 00:45:00,0.0
2019-01-30 01:00:00,0.0
2019-01-30 01:15:00,0.0
2019-01-30 01:30:00,0.0
2019-01-30 01:45:00,0.0
2019-01-30 02:00:00,0.0
2019-01-30 02:15:00,0.0
2019-01-30 02:30:00,0.0
2019-01-30 02:45:00,0.0
2019-01-30 03:00:00,0.0
2019-01-30 03:15:00,0.0
2019-01-30 03:30:00,0.0
2019-01-30 03:45:00,0.0
2019-01-30 04:00:00,0.0
2019-01-30 04:15:00,0.0
2019-01-30 04:30:00,0.0
2019-01-30 04:45:00,0.0
2019-01-30 05:00:00,0.0
2019-01-30 05:15:00,0.0
2019-01-30 05:30:00,0.0
2019-01-30 05:45:00,0.0
2019-01-30 06:00:00,0.0
2019-01-30 06:15:00,0.0
2019-01-30 06:30:00,0.0
2019-01-30 06:45:00,0.0
2019-01-30 07:00:00,0.0
2019-01-30 07:15:00,0.0
2019-01-30 07:30:00,2.0
2019-01-30 07:45:00,141.0
2019-01-30 08:00:00,634.0
2019-01-30 08:15:00,1268.0
2019-01-30 08:30:00,1809.0
2019-01-30 08:45:00,2461.0
2019-01-30 09:00:00,2167.0
2019-01-30 09:15:00,1878.0
2019-01-30 09:30:00,4455.0
2019-01-30 09:45:00,5127.0
2019-01-30 10:00:00,5780.0
2019-01-30 10:15:00,6396.0
2019-01-30 10:30:00,6963.0
2019-01-30 10:45:00,7463.0
2019-01-30 11:00:00,8009.0
2019-01-30 11:15:00,8508.0
2019-01-30 11:30:00,8831.0
2019-01-30 11:45:00,9157.0
2019-01-30 12:00:00,9448.0
2019-01-30 12:15:00,9741.0
2019-01-30 12:30:00,9854.0
2019-01-30 12:45:00,8971.0
2019-01-30 13:00:00,9942.0
2019-01-30 13:15:00,9907.0
2019-01-30 13:30:00,9835.0
2019-01-30 13:45:00,9716.0
2019-01-30 14:00:00,9471.0
2019-01-30 14:15:00,9186.0
2019-01-30 14:30:00,8861.0
2019-01-30 14:45:00,8519.0
2019-01-30 15:00:00,8029.0
2019-01-30 15:15:00,7505.0
2019-01-30 15:30:00,6935.0
2019-01-30 15:45:00,6292.0
2019-01-30 16:00:00,4859.0
2019-01-30 16:15:00,4812.0
2019-01-30 16:30:00,4001.0
2019-01-30 16:45:00,3140.0
2019-01-30 17:00:00,2252.0
2019-01-30 17:15:00,1188.0
2019-01-30 17:30:00,329.0
2019-01-30 17:45:00,1.0
2019-01-30 18:00:00,0.0
2019-01-30 18:15:00,0.0
2019-01-30 18:30:00,0.0
2019-01-30 18:45:00,0.0
2019-01-30 19:00:00,0.0
2019-01-30 19:15:00,0.0
2019-01-30 19:30:00,0.0
2019-01-30 19:45:00,0.0
2019-01-30 20:00:00,0.0
2019-01-30 20:15:00,0.0
2019-01-30 20:30:00,0.0
2019-01-30 20:45:00,0.0
2019-01-30 21:00:00,0.0
2019-01-30 21:15:00,0.0
2019-01-30 21:30:00,0.0
2019-01-30 21:45:00,0.0
2019-01-30 22:00:00,0.0
2019-01-30 22:15:00,0.0
2019-01-30 22:30:00,0.0
2019-01-30 22:45:00,0.0
2019-01-30 23:00:00,0.0
2019-01-30 23:15:00,0.0
2019-01-30 23:30:00,0.0
2019-01-30 23:45:00,0.0
2019-01-31 00:00:00,0.0
2019-01-31 00:15:00,0.0
2019-01-31 00:30:00,0.0
2019-01-31 00:45:00,0.0
2019-01-31 01:00:00,0.0
2019-01-31 01:15:00,0.0
2019-01-31 01:30:00,0.0
2019-01-31 01:45:00,0.0
2019-01-31 02:00:00,0.0
2019-01-31 02:15:00,0.0
2019-01-31 02:30:00,0.0
2019-01-31 02:45:00,0.0
2019-01-31 03:00:00,0.0
2019-01-31 03:15:00,0.0
2019-01-31 03:30:00,0.0
2019-01-31 03:45:00,0.0
2019-01-31 04:00:00,0.0
2019-01-31 04:15:00,0.0
2019-01-31 04:30:00,0.0
2019-01-31 04:45:00,0.0
2019-01-31 05:00:00,0.0
2019-01-31 05:15:00,0.0
2019-01-31 05:30:00,0.0
2019-01-31 05:45:00,0.0
2019-01-31 06:00:00,0.0
2019-01-31 06:15:00,0.0
2019-01-31 06:30:00,0.0
2019-01-31 06:45:00,0.0
2019-01-31 07:00:00,0.0
2019-01-31 07:15:00,0.0
2019-01-31 07:30:00,4.0
2019-01-31 07:45:00,137.0
2019-01-31 08:00:00,654.0
2019-01-31 08:15:00,1268.0
2019-01-31 08:30:00,1788.0
2019-01-31 08:45:00,2574.0
2019-01-31 09:00:00,3364.0
2019-01-31 09:15:00,4046.0
2019-01-31 09:30:00,5030.0
2019-01-31 09:45:00,5275.0
2019-01-31 10:00:00,4985.0
2019-01-31 10:15:00,6608.0
2019-01-31 10:30:00,7613.0
2019-01-31 10:45:00,7638.0
2019-01-31 11:00:00,7957.0
2019-01-31 11:15:00,8241.0
2019-01-31 11:30:00,8706.0
2019-01-31 11:45:00,8843.0
2019-01-31 12:00:00,8264.0
2019-01-31 12:15:00,9742.0
2019-01-31 12:30:00,9833.0
2019-01-31 12:45:00,10356.0
2019-01-31 13:00:00,9752.0
2019-01-31 13:15:00,10254.0
2019-01-31 13:30:00,9157.0
2019-01-31 13:45:00,8830.0
2019-01-31 14:00:00,8861.0
2019-01-31 14:15:00,8749.0
2019-01-31 14:30:00,5629.0
2019-01-31 14:45:00,4111.0
2019-01-31 15:00:00,4008.0
2019-01-31 15:15:00,3014.0
2019-01-31 15:30:00,3030.0
2019-01-31 15:45:00,2619.0
2019-01-31 16:00:00,1607.0
2019-01-31 16:15:00,1527.0
2019-01-31 16:30:00,1389.0
2019-01-31 16:45:00,1610.0
2019-01-31 17:00:00,947.0
2019-01-31 17:15:00,658.0
2019-01-31 17:30:00,320.0
2019-01-31 17:45:00,27.0
2019-01-31 18:00:00,0.0
2019-01-31 18:15:00,0.0
2019-01-31 18:30:00,0.0
2019-01-31 18:45:00,0.0
2019-01-31 19:00:00,0.0
2019-01-31 19:15:00,0.0
2019-01-31 19:30:00,0.0
2019-01-31 19:45:00,0.0
2019-01-31 20:00:00,0.0
2019-01-31 20:15:00,0.0
2019-01-31 20:30:00,0.0
2019-01-31 20:45:00,0.0
2019-01-31 21:00:00,0.0
2019-01-31 21:15:00,0.0
2019-01-31 21:30:00,0.0
2019-01-31 21:45:00,0.0
2019-01-31 22:00:00,0.0
2019-01-31 22:15:00,0.0
2019-01-31 22:30:00,0.0
2019-01-31 22:45:00,0.0
2019-01-31 23:00:00,0.0
2019-01-31 23:15:00,0.0
2019-01-31 23:30:00,0.0
2019-01-31 23:45:00,0.0
